Score,Latency (ms),Download (Bps),Upload (Bps),Browser Speed (ms),Date,Latitude,Longitude,Timestamp,Carrier
132,638.7,1106381.87702265,59480.8378304217,1431,2013-01-23 22:32:04,43.6502389908,-79.7361211777,1352,wind
248,528.4,2217548.10810811,675289.719626168,805,2013-01-23 22:49:35,53.09268,-2.45969,1369,o2
136,478,984276.391554702,233670.140136543,2116,2013-01-23 23:16:20,38.89553,-94.80215,1396,t-mobile
83,785.6,144039.604655654,10846.5349011759,2526.5,2013-01-24 00:07:05,35.7870993,-78.6711696,7,sprint
257,208.9,2787946.99286442,686940.845070423,1569,2013-01-24 00:41:43,29.69112,-95.67424,41,att
177,811.9,343474.882786336,135999.442314395,537,2013-01-24 00:47:04,29.4359958313,-98.7391712605,47,sprint
355,207,2389320.90856144,1315517.19487525,690,2013-01-24 01:38:43,44.0444841,-103.2048315,98,verizon
127,345.9,118805.247458805,103365.05245311,1487,2013-01-24 02:20:54,35.927719,-89.886848,140,att
145,983.2,491548.526240115,127836.445842343,893.5,2013-01-24 02:24:58,28.4970696974,77.1635271957,144,vodafone
188,306.8,2679597.64859569,270621.722846442,2017.5,2013-01-24 02:51:59,43.3985739136,-80.4423368398,171,telus
415,196.1,6982917.44680851,1223142.31974922,1076.5,2013-01-24 02:57:47,45.5708747083,-73.2201550154,177,videotron-ca
71,1630.6,78756.4719094653,49187.2021783526,3292,2013-01-24 03:03:34,43.4302346,-83.9632897,183,metropcs
149,328.3,236092.653871608,452963.083352682,2319.5,2013-01-24 04:09:42,35.7704324722,-81.3321914673,249,sprint
336,266.2,3895977.20797721,974968.515742129,738,2013-01-24 04:50:29,45.50385,-73.6221,290,rogers
228,258.6,1684790.14373717,458930.134086097,942.5,2013-01-24 04:51:59,45.50493,-73.62029,291,rogers
252,200.6,2739541.90317195,767773.317591499,2276.5,2013-01-24 05:03:16,33.0110602,-116.8211314,303,att
266,176.6,789390.802385992,440485.888462407,498.5,2013-01-24 06:16:07,42.4408879,-85.6540782,376,verizon
176,242.9,1627638.96052371,362892.857142857,2534,2013-01-24 06:31:31,28.3278413,-82.6630065,391,metropcs
240,588.2,128745.143574455,123835.978164276,257.5,2013-01-24 06:43:09,41.9581843763,-87.7673841394,403,sprint
224,172.7,1550146.98658606,468406.242496999,1427.5,2013-01-24 07:39:39,37.1739147,-93.2713186,459,verizon
639,189.6,7079316.65228645,2115956.61605206,206.5,2013-01-24 09:02:30,51.4402394718,-0.151695881,542,orange
245,255.5,1680304.73069834,610423.028785982,898,2013-01-24 09:13:21,30.0522038,-99.1454043,553,sprint
501,328.5,3226475.81596539,1872276.3915547,231,2013-01-24 09:29:40,51.4269761616,-0.0471356408,569,orange
291,232.3,2555256.30644659,702272.138228942,693,2013-01-24 09:40:16,45.4220351,-75.6840797,580,mts
285,203.5,2580166.03773585,561575.129533679,676.5,2013-01-24 09:43:11,45.4230105,-75.694959,583,mts
418,490.5,3434461.28087066,911215.319943952,196.5,2013-01-24 10:02:52,52.95253028,-1.15030226,602,orange
125,409.1,150298.181018849,78981.0938828387,1384,2013-01-24 11:56:18,37.51803576,-77.22506678,716,t-mobile
566,270.4,4513161.71617162,2170091.21245829,226,2013-01-24 12:05:32,52.9499238289,-1.1488056129,725,orange
208,353.7,334281.034833978,688881.355932204,1024,2013-01-24 12:49:20,33.9107897,-118.1544332,769,sprint
208,354.6,233658.778299872,576681.052320426,817,2013-01-24 12:51:41,33.9107897,-118.1544332,771,sprint
213,253.5,833834.146341463,543429.526462396,1038.5,2013-01-24 14:04:46,41.7440796784,-71.4797163942,844,verizon
205,253,1221153.14778985,396043.848964677,1094,2013-01-24 14:44:16,30.3722546669,-88.5425771401,884,cellular-south
208,418.8,2064132.83018868,658202.429149798,1850.5,2013-01-24 14:57:31,8.98229,-79.55131,897,wind
172,267.9,685343.133979285,202481.785158277,1090.5,2013-01-24 16:36:57,43.4663603,-80.5129343,996,rogers
274,409.5,3438779.5473596,596062.328139322,757,2013-01-24 17:46:58,53.488476,-113.47957,1066,bell
253,158.6,2560838.95131086,113293.379790941,676.5,2013-01-24 18:00:51,33.6613548,-117.8989237,1080,t-mobile
171,257.4,415944.844367839,141145.420344379,918,2013-01-24 18:16:41,41.7442495795,-71.4798737225,1096,verizon
339,121.9,1732093.73020899,729585.639491399,500,2013-01-24 18:26:42,28.63349,-81.40088,1106,t-mobile
170,753.6,1120279.62861824,268277.227722772,955.5,2013-01-24 19:16:48,19.22587,-70.5282,1156,wind
127,305.5,520485.156051763,68030.5471283607,1864.5,2013-01-24 20:03:29,40.058776,-83.079403,1203,sprint
253,261.3,596071.776244097,160727.632229362,317.5,2013-01-24 20:22:10,53.8363141,-2.2189931,1222,t-mobile-uk
230,321.4,355776.949093747,132247.288503254,347.5,2013-01-24 20:23:47,53.8414201,-2.2131531,1223,t-mobile-uk
179,327.8,449117.521484482,180874.466901539,759,2013-01-24 20:56:00,43.1072037,-70.8152345,1256,att
191,235.8,562790.86357089,62689.9742930591,635.5,2013-01-24 21:04:36,37.2156046,-87.1761564,1264,verizon
353,176.1,1456840.90909091,1440850.81240768,733,2013-01-24 21:19:33,52.59445,-2.02302,1279,virgin-mobile-uk
265,238.1,645447.451227187,539820.697288323,456.5,2013-01-24 21:43:30,34.846999339,-87.6715760106,1303,verizon
232,175.8,1134530.97345133,718832.719233604,1749.5,2013-01-24 22:05:46,29.8938394,-95.5214076,1325,t-mobile
85,1348.5,95528.3269297939,15290.3574703545,2039,2013-01-24 22:35:03,51.8785456408,-0.4161405765,1355,o2
352,167.7,3852078.87323944,1157124.55516014,1131.5,2013-01-25 00:04:59,44.5526880819,-80.4625651859,4,bell
187,343.3,638366.762623512,203771.882180907,711,2013-01-25 00:44:21,43.79396,-79.61086,44,rogers
365,144.7,3186379.80582524,1096017.97752809,741,2013-01-25 01:55:08,26.1080291,-97.9615762,115,t-mobile
128,863.5,332600.753982731,23065.0603549177,970,2013-01-25 02:31:49,43.6601376,-79.4293395,151,wind
207,452,778603.909660277,125962.809917355,458,2013-01-25 03:04:59,43.1224923928,-89.2926485753,184,sprint
154,664.5,78043.3165609276,94722.8588075354,677,2013-01-25 03:13:01,41.2672277,-80.821916,193,t-mobile
546,224.4,7267429.58370239,2047126.96747114,489.5,2013-01-25 03:16:22,39.92367,-74.15102,196,verizon
300,229.5,3134044.30863254,692795.454545455,721.5,2013-01-25 03:32:47,39.9022597,-104.9166965,212,t-mobile
783,225.7,6649050.24311183,4064400,278.5,2013-01-25 03:46:06,43.6949711619,-79.806152992,226,rogers
435,120.2,6253756.09756098,1115444.25385935,839,2013-01-25 04:27:15,49.25865234,-122.87287125,267,telus
211,182.8,1204481.50322959,186102.451588286,872.5,2013-01-25 05:05:22,43.6669997,-79.4363161,305,wind
272,239,615569.660139545,760293.063133281,548.5,2013-01-25 07:10:32,47.1671834,-122.514933,430,clearwire
338,101.2,2418192.74977896,455927.085767703,528.5,2013-01-25 12:22:35,43.6442512,-79.3991171,742,mts
208,286.3,2523040.5904059,58668.7516915767,807.5,2013-01-25 12:24:24,43.6420806,-79.398128,744,wind
204,207.8,1317637.38557893,473522.330097087,1613.5,2013-01-25 13:10:00,40.058601,-83.083057,790,sprint
171,300.5,1269916.11205696,419190.373871938,2181,2013-01-25 13:24:18,40.058681,-83.083066,804,sprint
208,196.9,973994.301994302,536554.455445545,1573,2013-01-25 13:25:51,40.058681,-83.083066,805,sprint
177,419.5,992491.593080924,508579.770594369,1669.5,2013-01-25 13:26:49,40.058681,-83.083066,806,sprint
200,267,1044548.44048377,590827.377347062,1629.5,2013-01-25 13:28:06,40.058681,-83.083066,808,sprint
565,124.4,4332063.35797255,2573762.53298153,555,2013-01-25 13:40:13,40.5291649,-112.0249984,820,verizon
471,127.6,3864780.02826189,2011249.48453608,838.5,2013-01-25 13:41:02,40.5291649,-112.0249984,821,verizon
573,146.7,5502969.81891348,1738780.7486631,228.5,2013-01-25 14:21:30,51.4807528351,-0.0591550302,861,orange
139,393.7,833156.783103168,248176.059025569,2114.5,2013-01-25 14:26:45,40.058631,-83.08311,866,sprint
270,386.5,590750.08999928,266227.074235808,264.5,2013-01-25 14:45:18,42.69261142,-82.77315682,885,verizon
441,115.2,2831238.09523809,1760750.90252708,759.5,2013-01-25 15:14:59,30.3343863,-97.7026432,914,verizon
494,187,1225164.70061221,1986672.09775967,236,2013-01-25 15:25:51,43.7725592273,-79.3282066975,925,telus
115,407.2,164569.227992057,135989.962358846,2095,2013-01-25 15:34:07,45.81975,-77.12147,934,rogers
626,63.2,5239417.62452107,1408600.72202166,224.5,2013-01-25 17:17:33,38.88043928,-77.10814949,1037,t-mobile
227,525.1,1545475.23074025,548934.158694429,747.5,2013-01-25 17:38:29,53.488933,-113.478865,1058,bell
464,148.2,3538131.9534282,1945076.76969093,643,2013-01-25 17:43:58,37.7943796,-122.3991124,1063,verizon
307,194.8,6095786.03268945,410372.738746319,1297.5,2013-01-25 18:05:19,37.7009361,-121.9075788,1085,sprint
545,149,3128070.14868471,2038570.53291536,249.5,2013-01-25 18:18:48,30.5184981928,-87.2236663746,1098,verizon
567,113.3,3649879.00355872,1950912,248.5,2013-01-25 18:19:55,30.5197049474,-87.2251349703,1099,verizon
141,390,279411.816788694,144298.224852071,1221,2013-01-25 18:20:51,49.0595633897,-122.2983925178,1100,rogers
340,317.2,3239213.58073431,1088678.57142857,614.5,2013-01-25 18:54:13,39.0212428,-94.2168417,1134,t-mobile
271,129,1193444.07272727,674822.552749914,1078.5,2013-01-25 19:37:34,26.1192917,-80.3927646,1177,verizon
484,80.3,3782816.04426003,1441915.74279379,572.5,2013-01-25 19:56:11,40.6180964,-74.133786,1196,verizon
232,296.8,2886010.55223356,656430.68640646,2031.5,2013-01-25 20:10:50,44.40844,26.00737,1210,orange
241,237,1094574.17289221,428583.479789104,620,2013-01-25 20:15:08,37.7252822,-89.1872385,1215,verizon
126,436,605529.741697417,185765.758903066,2149,2013-01-25 20:17:44,44.24594,-76.55855,1217,rogers
362,182.6,1901049.11955514,1388549.46619217,662.5,2013-01-25 20:53:33,25.7885496,-80.2388886,1253,metropcs
483,130.4,4110685.37074148,2196972.97297297,1029,2013-01-25 21:29:06,35.14793,-78.974623,1289,verizon
210,247.9,486189.144347002,540868.311616302,984,2013-01-25 21:45:07,34.0602588281,-117.1996535641,1305,verizon
132,510.9,473698.2853184,482660.069272637,3669.5,2013-01-25 23:04:07,35.2354297,-114.0229885,1384,sprint
462,258.9,4201192.01228879,2109094.05405405,678.5,2013-01-25 23:20:59,36.8620295,-87.5110424,1400,verizon
695,69,6234747.72036474,2911808.95522388,617,2013-01-25 23:27:19,38.7384091,-90.3622515,1407,verizon
217,172.4,1344629.30186824,518170.517928287,1742,2013-01-25 23:45:25,41.72396295,-72.74658525,1425,verizon
437,135.9,1419537.71626298,1183805.82524272,237,2013-01-26 00:01:09,53.5589227121,-113.6309019945,1,bell
338,163.2,3112643.39908953,786975.393303752,597,2013-01-26 00:03:01,53.5593041648,-113.630407841,3,telus
474,132.2,2610540.24817054,1286032.95978906,235,2013-01-26 00:04:17,53.5591318183,-113.6309456755,4,bell
338,213.6,1827785.25284028,1252994.21965318,667.5,2013-01-26 00:15:37,51.290136,1.0751725,15,t-mobile-uk
317,320,2934523.60515021,627908.593498552,413.5,2013-01-26 00:53:28,43.3442186,-79.8272613,53,mts
428,236.7,6104857.14285714,1224677.96610169,550.5,2013-01-26 00:55:16,42.0048029,-88.2994193,55,t-mobile
446,199.9,5219419.84732824,1533735.8490566,574,2013-01-26 01:04:57,32.8381846,-96.7790907,64,sprint
447,189,6747473.68421053,1346385.0931677,727,2013-01-26 01:05:51,32.8381846,-96.7790907,65,sprint
394,195.2,1016719.70260223,1883119.69111969,614,2013-01-26 01:06:35,32.8381846,-96.7790907,66,sprint
543,154.6,7280326.53061225,2068835.63096501,708,2013-01-26 01:07:03,32.8381846,-96.7790907,67,sprint
182,479.3,2145640.16736402,148020.637329287,1055.5,2013-01-26 01:10:56,43.75488,-79.75512,70,rogers
488,127.6,2974955.76504714,2333626.79425837,798,2013-01-26 01:45:36,40.7716815,-111.9345944,105,verizon
189,438.8,568602.079002079,453489.539748954,926.5,2013-01-26 02:12:14,35.0116009,-82.0105335,132,verizon
173,478.4,792746.666666667,347075.609322185,1088,2013-01-26 02:20:58,40.6654267059,-74.3217562772,140,sprint
413,304.8,5928416.1849711,1564484.36246993,1009.5,2013-01-26 03:36:29,25.5832619,-80.4138258,216,t-mobile
331,157.2,865498.734177215,96881.9585837016,193,2013-01-26 03:53:08,40.5998057658,-73.9349144452,233,verizon
284,729.9,582488.144256709,204262.59030468,196.5,2013-01-26 03:54:43,40.5998057658,-73.9349144452,234,verizon
445,138,2004134.83146067,2281768.42105263,1006,2013-01-26 04:52:43,40.5393843,-112.011734,292,verizon
382,159.5,4869393.47181009,919374.175306315,655.5,2013-01-26 05:25:55,39.5245247,-119.7974846,325,t-mobile
599,78.1,1.0983839357429719E7,1175248.19277108,631,2013-01-26 05:29:19,42.6273712,-83.1136597,329,t-mobile
220,254.9,639710.587868392,563033.766233766,881,2013-01-26 05:39:06,40.9938871719,-80.3299554521,339,att
251,187.2,1170293.53872486,629732.730794061,893.5,2013-01-26 05:40:17,40.9971543114,-80.3303229148,340,att
142,580.9,146652.748981197,331844.191188978,1410.5,2013-01-26 06:05:13,39.3113605,-76.6480468,365,sprint
466,108.3,3281971.2,1639421.8487395,539.5,2013-01-26 08:06:52,52.2609953,-0.844365,486,virgin-mobile-uk
230,329.1,2355030.99885189,1082036.60565724,5572.5,2013-01-26 08:27:29,53.849284,-1.532556,507,virgin-mobile-uk
312,162.1,3088042.15280391,526704.103671706,613,2013-01-26 10:12:23,35.1378224,-89.991722,612,verizon
593,110.7,8441283.95061728,2441692.11514393,1381,2013-01-26 10:50:52,38.9918409,-94.7066024,650,sprint
232,395.9,1236426.76311031,652260.782347041,805,2013-01-26 11:10:51,55.8257887,-4.1961789,670,vodafone
331,110.2,2615533.31208161,540119.601328904,616.5,2013-01-26 12:00:46,43.694731,-79.3010755,720,mts
191,236.5,766887.37265165,254887.901750719,931.5,2013-01-26 13:22:19,34.9877473433,-90.7763144375,802,verizon
319,159.7,925646.209386282,691322.466335932,393,2013-01-26 14:45:12,42.8857609,-77.3075511,885,verizon
316,123.2,3120931.15252948,1121213.79310345,2993,2013-01-26 16:56:18,53.5540643,-2.2123415,1016,virgin-mobile-uk
124,485.1,96752.803556478,361012.583271651,2636.5,2013-01-26 17:32:06,27.9666875,-82.5022207,1052,metropcs
537,146.8,6643666.39676113,2227068.49315068,869.5,2013-01-26 17:35:58,42.6789465,-83.1893105,1055,sprint
224,250,979458.994866897,479929.151291513,822,2013-01-26 17:36:54,42.6744137,-83.1869822,1056,sprint
202,318,1091371.10933759,283686.491202559,763.5,2013-01-26 18:36:30,50.4480176,-104.5359859,1116,bell
231,206.2,2189148.34578442,512050.393700787,1441,2013-01-26 19:00:27,34.1640539468,-118.2973295824,1140,att
340,225.6,2240559.25723648,964842.729970327,463,2013-01-26 19:04:57,51.2639828,0.5435398,1144,vodafone
346,168,3083400.22547914,834793.324775353,555.5,2013-01-26 19:49:53,49.24579,-122.88932,1189,rogers
214,222.3,765742.230517966,748910.556621881,1773,2013-01-26 20:04:07,37.6568489075,-97.3708715439,1204,t-mobile
174,205.3,687352.601156069,317376.281112738,1770.5,2013-01-26 20:05:52,37.6568489075,-97.3708715439,1205,t-mobile
169,310.9,438227.207178337,42237.5890363507,721.5,2013-01-26 20:57:39,50.4480179,-104.5354804,1257,bell
236,181,752055.728689276,917212.976022567,2009.5,2013-01-26 21:20:41,37.670826,-97.338509,1280,t-mobile
289,192,1765259.89672978,616986.717267552,563.5,2013-01-26 22:06:01,40.7218546,-73.9678361,1326,sprint
267,208.9,1343308.44793713,487728,540,2013-01-26 22:07:24,40.7218546,-73.9678361,1327,sprint
261,207.1,1393026.82512733,637552.941176471,758,2013-01-26 22:08:22,40.7218546,-73.9678361,1328,sprint
269,195.1,1261714.28571429,518032.926181625,558.5,2013-01-26 22:08:53,40.7218546,-73.9678361,1328,sprint
280,176.1,1782130.3214596,539970.107943537,628.5,2013-01-26 22:09:41,40.7218546,-73.9678361,1329,sprint
276,215.7,1750197.95221843,500875.994865212,530.5,2013-01-26 22:10:04,40.7218546,-73.9678361,1330,sprint
218,304.3,474191.065133214,207477.613527598,465,2013-01-26 22:10:30,45.0886075688,-92.2320136722,1330,verizon
276,203.8,1423478.14018043,781615.384615385,764.5,2013-01-26 22:10:34,40.7218546,-73.9678361,1330,sprint
213,237.9,1588870.64291247,268314.124604594,878.5,2013-01-26 22:11:09,53.5491053,-113.4917729,1331,mts
289,194,1453743.4443657,662673.913043478,547.5,2013-01-26 22:11:09,40.7218546,-73.9678361,1331,sprint
278,223.7,1245246.31962362,639643.278688525,534.5,2013-01-26 22:11:32,40.7218546,-73.9678361,1331,sprint
285,187,1261908.33589665,648358.923230309,548.5,2013-01-26 22:12:04,40.7218546,-73.9678361,1332,sprint
360,204.8,4100413.79310345,519827.338129496,356,2013-01-26 22:40:03,32.8550389,-117.1182437,1360,t-mobile
357,195.2,2104907.13186249,793376.169174461,325,2013-01-26 22:43:18,32.891424,-117.1287917,1363,t-mobile
442,151.9,4792598.13084112,800210.008203445,278,2013-01-26 22:43:40,32.8927688,-117.1200368,1363,t-mobile
217,359.7,470088.690271571,414822.879013396,576.5,2013-01-26 23:02:32,44.9787966,-89.6203115,1382,sprint
228,250.8,671269.573754397,255890.870933893,502.5,2013-01-26 23:05:02,44.9736433,-89.6304169,1385,sprint
228,465.1,926064.108352145,326348.611575778,469.5,2013-01-26 23:22:31,51.4906944226,-0.243136042,1402,three
138,1053.5,96189.0738569754,123624.104936316,833.5,2013-01-27 00:14:14,36.8196447,-119.7149533,14,sprint
358,163.2,430840.579710145,499209.825997953,196,2013-01-27 00:30:09,47.613363001,-122.3389048779,30,t-mobile
271,160.5,1796568.42566236,743487.804878049,1142,2013-01-27 01:05:07,38.535307,-121.40223,65,t-mobile
141,264.3,216118.214144607,246327.272727273,2018.5,2013-01-27 01:18:29,38.1951915,-95.7469881,78,verizon
196,777.5,91323.1454171072,57198.076697549,361.5,2013-01-27 01:23:27,42.4016262,-71.367486,83,att
497,148.8,3536606.89655172,1223909.66122961,197,2013-01-27 01:30:10,50.7930802754,-2.0531824161,90,vodafone
451,107.1,3217618.82352941,1771945.50408719,810,2013-01-27 02:21:05,40.971615,-75.97751,141,verizon
263,235.3,2136700,1048877.41935484,2060.5,2013-01-27 03:19:29,40.76365,-73.95987,199,t-mobile
220,229.8,552706.500505221,695016.743854649,1225.5,2013-01-27 03:36:07,39.6614358,-86.1906439,216,sprint
211,235,674082.155767335,568116.482236459,1163.5,2013-01-27 03:42:48,39.6614358,-86.1906439,222,sprint
237,516.6,377099.365750529,554393.861892583,464.5,2013-01-27 03:54:21,39.2741087918,-76.6294973531,234,sprint
304,164.3,1307766.6560408,793698.942229455,586.5,2013-01-27 04:02:05,30.2286566,-97.7237188,242,sprint
346,189.2,222163.110581609,853044.162658505,268,2013-01-27 04:05:27,40.1030724356,-75.1204340067,245,verizon
342,168.1,876033.3119795,399777.049180328,219,2013-01-27 04:09:42,40.838208384,-74.155840585,249,sprint
74,397.2,523039.969401415,58366.8511593119,10203,2013-01-27 04:11:06,32.6363544,-116.9950663,251,verizon
340,157.2,3561166.66666667,769894.238358327,682.5,2013-01-27 04:12:09,32.6363544,-116.9950663,252,verizon
165,239.5,121265.24881394,102200.848656294,907.5,2013-01-27 04:27:40,32.1697804,-96.0213146,267,att
285,166.4,2580166.03773585,871721.179624665,1491.5,2013-01-27 04:39:17,34.47311,-118.322327,279,att
509,106.4,5860662.85714286,1872276.3915547,896,2013-01-27 04:47:39,44.7629284,-93.2454966,287,t-mobile
656,98,6002141.91660571,2916161.43497758,551.5,2013-01-27 07:48:04,32.9675378,-96.9013431,468,sprint
185,261.6,334512.720156556,511781.741867786,1398.5,2013-01-27 09:47:39,51.5148068,-0.162631,587,three
259,181.5,2228388.91906573,737584.877126654,1525,2013-01-27 10:11:55,51.5148068,-0.162631,611,three
224,198.3,1680993.23909035,512588.544403573,1392,2013-01-27 12:29:40,34.0608365,-81.0246547,749,sprint
230,261.6,660196.974573544,799226.546497337,1140.5,2013-01-27 12:51:35,53.6398856,-2.0977033,771,three
259,251.8,477335.970678923,962462.752836704,868.5,2013-01-27 12:54:58,56.07516,-4.8256584,774,three
600,117.3,5080450.77399381,3136514.46945338,1143.5,2013-01-27 13:50:34,39.9281037,-82.8681024,830,verizon
606,112.2,5484577.54010695,2881701.62481536,790.5,2013-01-27 13:51:22,39.9281037,-82.8681024,831,verizon
432,77.3,2578544.31175361,1178798.79154079,628.5,2013-01-27 14:16:43,39.9584255,-75.2404189,856,verizon
347,167.2,4957660.42296073,584455.362492511,653,2013-01-27 14:21:10,39.9585694,-75.2304285,861,verizon
325,163.3,2645044.48742747,747189.582535427,603.5,2013-01-27 14:22:27,39.9585694,-75.2304285,862,verizon
435,128.6,3965649.10584824,1776786.8852459,1109.5,2013-01-27 14:59:50,42.2868531,-83.0717212,899,wind
206,246.8,499630.25210084,575320.554408729,1185,2013-01-27 15:29:48,28.1356424357,-80.6711898847,929,verizon
254,135.7,1709360,578733.906852566,1443,2013-01-27 15:37:15,34.0821986,-117.461413,937,t-mobile
171,603.4,1024335.58052434,235049.638554217,915.5,2013-01-27 16:36:32,43.6669975,-79.4363413,996,wind
269,95.5,1430925.70631322,232750.178954903,886,2013-01-27 16:37:37,43.6669975,-79.4363413,997,wind
212,243.7,486535.104364326,182601.272931486,546.5,2013-01-27 16:41:48,43.6620586,-79.4289896,1001,mts
250,341,3478138.19415006,457102.155576382,1007.5,2013-01-27 16:53:17,37.5047,-121.96796,1013,t-mobile
253,241.1,1686175.09247842,759996.883521621,1059.5,2013-01-27 17:55:22,45.0358402474,-79.2885779652,1075,rogers
506,141.1,1937409.20897285,1604368.42105263,200,2013-01-27 18:17:02,29.5728211385,-98.3229240776,1097,sprint
264,403.2,3129263.15789474,655548.387096774,921.5,2013-01-27 18:19:39,44.67494,-63.59142,1099,rogers
272,176.3,3137639.77055449,149254.99196695,593,2013-01-27 18:58:11,37.9625653,-121.3409777,1138,t-mobile
179,244.1,480691.780420646,471576.504713561,1694.5,2013-01-27 20:11:38,42.9363791,-123.2870417,1211,verizon
233,119.7,828362.241292277,445922.742857143,1467,2013-01-27 20:11:42,29.6376037365,-95.6643829589,1211,att
132,400.8,788026.123703419,206227.484143763,2279.5,2013-01-27 21:46:40,45.28788,-75.79395,1306,telus
139,842.2,62538.037637482,186084.700495994,962.5,2013-01-27 21:48:11,38.5331744096,-89.980809549,1308,sprint
190,237.7,945595.021320733,514345.373055629,1828,2013-01-27 22:03:54,46.5916641,-111.8904641,1323,verizon
195,646.1,1518587.45141588,257376.253298153,719.5,2013-01-27 22:18:04,49.2172673599,-122.9581759939,1338,bell
425,84.1,3963733.33333333,835150.684931507,542,2013-01-27 22:25:02,46.6757428553,-71.6855182686,1345,telus
759,82.7,4444706.39219935,3161931.9286872,205.5,2013-01-27 22:44:09,42.30094832,-71.06784685,1364,verizon
426,100.5,3207555.90304926,1164723.58208955,521.5,2013-01-27 22:51:03,51.9848147,-0.2428057,1371,virgin-mobile-uk
327,92,2665668.61598441,301998.761609907,611.5,2013-01-27 23:01:24,43.7061768,-79.3988923,1381,mts
200,365.3,682095.602294455,139510.297482838,529.5,2013-01-27 23:13:17,43.6620586,-79.4289896,1393,mts
543,110.4,6522200.31796502,953991.19804401,216.5,2013-01-27 23:34:07,33.8016976779,-84.4112905098,1414,verizon
557,66.1,3410194.51371571,1077851.93370166,210.5,2013-01-27 23:35:02,33.8017306337,-84.4115860016,1415,verizon
195,293.7,307484.934792385,97677.4645771792,527,2013-01-28 00:50:43,40.6756328041,-73.7042238976,50,sprint
334,239.7,1715076.92307692,898209.944751381,393.5,2013-01-28 00:55:19,41.668885,-88.5371821,55,t-mobile
231,198.7,461028.712704388,245861.625708885,511,2013-01-28 00:57:08,40.6806186733,-73.7072816184,57,sprint
178,242.5,122237.206322721,98481.1711256941,714.5,2013-01-28 01:51:22,35.151035,-90.0212021,111,att
446,176.1,2447040.8589323,1378736.39575972,273,2013-01-28 02:12:00,33.3085717225,-112.0334311063,132,verizon
373,187.8,1950767.47503566,685974.683544304,248,2013-01-28 02:13:10,33.3087640162,-112.0364375191,133,verizon
524,113.7,3835870.96774194,2284440.28103044,651,2013-01-28 02:39:29,48.3889847,-89.2481007,159,bell
193,779,139307.412815376,52868.8111433295,373.5,2013-01-28 03:23:22,41.6720519,-85.7185697,203,sprint
411,167.9,2803186.88076529,1748129.03225806,767,2013-01-28 03:24:45,32.9743335,-97.2824711,204,verizon
406,167.8,2993406.78584458,1752840.9703504,909.5,2013-01-28 03:25:43,32.9743335,-97.2824711,205,verizon
501,138.3,6234747.72036474,1465749.0608565,448.5,2013-01-28 03:25:43,32.9824417597,-97.2830299661,205,t-mobile
424,164.1,2970647.35698769,1801396.12188366,722,2013-01-28 03:26:13,32.9743335,-97.2824711,206,verizon
139,426.1,1242982.57839721,163832.045683574,1995.5,2013-01-28 03:27:19,43.57952,-79.71557,207,rogers
511,125.1,5686020.79002079,1545889.06497623,421.5,2013-01-28 03:27:20,32.9824616667,-97.2837816552,207,t-mobile
464,152.4,5831505.33049041,1185244.22843256,424,2013-01-28 03:29:11,32.9824616667,-97.2837816552,209,t-mobile
231,374,690301.867743564,357834.189288335,468.5,2013-01-28 03:47:43,41.6721886,-85.7183854,227,sprint
196,274.7,1105934.49251921,151680.29855388,728.5,2013-01-28 04:29:40,43.7106555,-79.394685,269,wind
526,102.3,4444706.39219935,2234721.64948454,820.5,2013-01-28 04:32:55,42.9937647,-78.7501035,272,verizon
211,259.3,1445547.56871036,210681.641468683,747,2013-01-28 06:21:49,39.6441198,-84.2336282,381,sprint
209,278.7,1527635.0772668,589755.743651753,1621.5,2013-01-28 08:39:23,33.7436375,-118.1926728,519,verizon
276,306.2,1002557.18475073,506598.805505064,376.5,2013-01-28 09:00:08,40.0547371,-82.8739716,540,sprint
611,155.9,5108921.54420922,2177357.14285714,215.5,2013-01-28 12:09:15,55.9482623403,-3.1944703191,729,orange
166,965.3,365134.083930399,50588.9430556996,538.5,2013-01-28 12:29:52,43.2123573,-79.7792489,749,wind
686,78.9,5121677.90262172,2393757.05521472,233,2013-01-28 14:08:58,44.7244103115,-93.2779643646,848,verizon
207,242.7,1231231.69267707,129113.964262078,678.5,2013-01-28 14:14:06,30.0416796,-94.1184182,854,sprint
553,71.2,6965134.12563667,1159876.33769322,444,2013-01-28 15:07:14,39.9267605,-75.3087673,907,t-mobile
437,119.1,5144155.48589342,1244998.08551372,697,2013-01-28 16:12:08,39.9120781,-86.0676865,972,t-mobile
270,547,1089487.18629664,89241.6632358995,228,2013-01-28 16:42:09,51.425731134,-0.0462453734,1002,orange
212,270.5,1618967.64009471,662673.913043478,1872,2013-01-28 16:52:27,53.51415182,-113.52708923,1012,telus
571,141.4,1.0925336884154461E7,1575857.83521809,737,2013-01-28 16:59:10,26.0425191,-80.4311359,1019,t-mobile
604,140.2,1.237545701357466E7,1580965.9643436,692.5,2013-01-28 17:00:36,26.0425191,-80.4311359,1020,t-mobile
486,771.2,1.0867454304635761E7,1223909.66122961,621.5,2013-01-28 17:01:08,26.0425191,-80.4311359,1021,t-mobile
535,792.4,1.1788689655172415E7,1455904.47761194,565,2013-01-28 17:01:28,26.0425191,-80.4311359,1021,t-mobile
259,211.2,1179038.36758155,511647.521636507,589,2013-01-28 17:09:22,30.1494458,-95.3051548,1029,sprint
391,172.6,7116156.11448395,738702.0068156,816,2013-01-28 17:12:04,40.5933234,-74.0730318,1032,metropcs
483,81.9,5686020.79002079,1105332.57790368,603.5,2013-01-28 17:13:50,40.5891345,-74.0721009,1033,t-mobile
220,267.2,259863.43193767,494402.432843386,663,2013-01-28 17:15:26,40.5816439,-74.1646944,1035,sprint
181,233.3,689895.568821996,263850.689748445,1157,2013-01-28 17:32:14,34.0214157,-118.2241657,1052,sprint
202,180.6,2147886.91099476,130696.858042473,1335.5,2013-01-28 17:35:55,34.0214157,-118.2241657,1055,sprint
539,139.7,4338936.0126917,2402600.98522167,565,2013-01-28 18:18:52,50.93794,-113.97892,1098,rogers
225,295.1,2103827.69230769,794021.978021978,2246,2013-01-28 18:41:31,53.6674,-1.8225,1121,o2
404,122.7,6041920.4712813,572618.72615204,530.5,2013-01-28 18:51:08,40.7650193,-82.541797,1131,verizon
367,189.9,2668269.26829268,1603050.1232539,1096.5,2013-01-28 19:12:31,32.8772473,-105.9552736,1152,verizon
512,150.7,6860307.69230769,1875876.92307692,754,2013-01-28 19:15:45,33.0781987,-96.8688428,1155,sprint
221,151.2,1584880.81900715,487362.478141394,2029.5,2013-01-28 19:17:09,33.461751,-112.2374476,1157,t-mobile
540,112.8,8279442.98688194,1464648.64864865,578.5,2013-01-28 19:22:32,41.7514949,-87.9687336,1162,t-mobile
124,344.2,730235.671057316,92741.5858528237,2175.5,2013-01-28 19:22:59,40.86411,-111.90915,1162,t-mobile
175,446.8,391325.797682072,130731.890370569,637.5,2013-01-28 20:24:15,45.8584644,-93.297494,1224,verizon
336,179.9,4179790.1171676,485422.244339388,514.5,2013-01-28 20:24:56,45.8584644,-93.297494,1224,verizon
576,134.3,5592997.95501023,2460166.45649433,536.5,2013-01-28 20:25:18,45.8584644,-93.297494,1225,verizon
581,373.8,4488472.64770241,3187764.70588235,529,2013-01-28 20:27:00,45.8584644,-93.297494,1227,verizon
236,198.8,1418801.31419678,422001.297858533,823.5,2013-01-28 20:57:35,37.7884395,-122.4027343,1257,verizon
333,160,2722272.06370272,982332.326283988,804.5,2013-01-28 21:00:12,37.7884395,-122.4027343,1260,verizon
168,413.1,144572.5864712,147494.669993196,698,2013-01-28 21:02:14,37.7880744,-122.4046535,1262,metropcs
380,174.9,2561638.46394006,1709826.46801052,1081,2013-01-28 21:27:26,37.7884395,-122.4027343,1287,verizon
277,263,2492383.96111786,1182370.90909091,2212.5,2013-01-28 22:02:21,33.9961489,-118.0844636,1322,sprint
380,163.3,3285914.29715659,1057404.87804878,516.5,2013-01-28 22:13:05,45.792895,-108.4856279,1333,verizon
589,84.5,5415794.05940594,2435595.50561798,781.5,2013-01-28 22:32:56,36.21096,-81.6743065,1352,verizon
242,201.6,469685.042074532,562708.970291318,692,2013-01-28 22:37:45,40.7432718,-73.9932465,1357,sprint
213,178.4,217447.009249198,407203.506574828,888,2013-01-28 22:39:15,40.7432718,-73.9932465,1359,sprint
306,323.4,2239947.58394758,800866.995073892,492,2013-01-28 23:13:22,49.2239242209,-123.1085361564,1393,rogers
523,82.2,7989219.08471276,1110365.39556061,658,2013-01-28 23:24:14,40.717593,-73.9886199,1404,t-mobile
308,206.8,1484517.45974308,923727.272727273,580,2013-01-28 23:39:44,51.4778950137,-0.0837226037,1419,three
183,609.3,1782517.4885944,194662.941528637,893.5,2013-01-29 00:20:11,33.75906,-117.97035,20,att
512,127.9,1546057.65969474,1863335.24355301,236,2013-01-29 00:29:00,37.7892173304,-122.4047408146,29,verizon
358,206.3,5604459.01639344,1093560.53811659,1408.5,2013-01-29 00:32:23,34.0203069667,-118.2331263333,32,sprint
244,148.9,1330456.94827307,145666.54222355,610,2013-01-29 00:40:11,42.4244458,-71.0617101,40,sprint
135,232.7,847178.936499742,67099.2949269132,2423,2013-01-29 00:59:40,40.026638,-76.312564,59,verizon
342,133.4,867145.212428662,869390.374331551,418,2013-01-29 01:10:48,37.2571681768,-80.4179243906,70,verizon
162,286.6,445774.63870477,340176.460331299,1566.5,2013-01-29 01:35:06,29.3302616,-97.33,95,verizon
133,931.6,243751.760197261,29389.6144981245,862.5,2013-01-29 02:33:09,38.3044521,-85.832651,153,sprint
413,196.3,6375235.43123543,1302344.45927904,1025.5,2013-01-29 02:44:54,28.3477008,-81.6145289,164,t-mobile
382,110,5945600,567951.091703057,840.5,2013-01-29 02:45:43,28.3477008,-81.6145289,165,t-mobile
451,110.3,7904554.9132948,645356.268607344,589,2013-01-29 02:46:12,28.3477008,-81.6145289,166,t-mobile
469,98.8,7465812.55686988,853790.809628009,621.5,2013-01-29 02:47:18,28.344663,-81.622408,167,t-mobile
285,574,3835870.96774194,556926.063374251,613,2013-01-29 02:48:33,28.3432032,-81.6270131,168,t-mobile
361,378,2770063.47062795,1361418.00418702,537.5,2013-01-29 02:48:52,28.3388238,-81.6408285,168,t-mobile
428,128.9,3311108.95883777,1588690.55374593,715.5,2013-01-29 02:49:21,28.3388238,-81.6408285,169,t-mobile
655,86.1,5619813.69863014,1912658.82352941,200,2013-01-29 03:16:21,44.4081360056,-79.6733658762,196,telus
195,204.2,358810.862815411,489195.586760281,1374,2013-01-29 03:27:41,28.890961,-97.178627,207,att
197,176.1,490109.790335105,400927.250308261,1376,2013-01-29 03:31:17,29.086281,-97.285889,211,att
390,125.7,3886749.40786357,1041041.62219851,678.5,2013-01-29 03:40:04,30.5560233,-90.5924713,220,verizon
258,258.1,2095231.86925434,866686.80586406,1361,2013-01-29 03:45:25,56.2366259,-120.8017324,225,rogers
205,189.3,400357.568068703,339820.937118969,916.5,2013-01-29 04:54:14,41.1881123996,-75.3588751797,294,verizon
121,773,1255151.90454337,97292.6391382406,2102,2013-01-29 05:24:54,4.7482,-74.06824,324,bell
640,56.3,7172139.86013986,1982634.14634146,755,2013-01-29 06:04:30,38.968955,-77.0834874,364,t-mobile
298,146,2406843.06248167,794345.276872964,1044,2013-01-29 09:13:07,49.3610434,-124.546313,553,telus
286,177,2413214.11764706,799881.918819188,1059,2013-01-29 09:15:57,49.3610434,-124.546313,555,telus
125,987.3,69361.061094063,26003.4921692769,897,2013-01-29 12:28:18,53.354048,-9.1675139,748,meteor
238,340.1,561250.974758875,587978.300180832,572,2013-01-29 13:02:37,51.2956742,-0.8329804,782,vodafone
262,199.6,2056888.44321885,546167.9731243,823.5,2013-01-29 13:42:54,53.3744388,-9.1293226,822,meteor
234,198.9,1185169.43521595,582188.003581021,1071,2013-01-29 13:43:33,53.443663,-9.0947852,823,meteor
212,345.4,72148.9949174302,235248.040516098,445,2013-01-29 13:49:04,25.7825847483,-80.2960671858,829,sprint
638,93.5,5962883.72093023,2860574.78005865,700,2013-01-29 14:19:23,36.2272459,-86.5167684,859,verizon
161,184.9,518872.320242838,182550.014035744,1763,2013-01-29 14:56:52,42.32781954,-83.08033695,896,t-mobile
258,232.9,1991487.37864078,467508.267433501,679,2013-01-29 15:55:23,37.8834139,-122.2903569,955,att
239,240.6,2246079.38680537,480047.244094488,1021,2013-01-29 15:56:20,37.8834139,-122.2903569,956,att
192,272.8,1615461.31128175,200504.830421377,1043,2013-01-29 16:08:40,43.4647293,-80.530931,968,rogers
234,294.6,930791.605218378,308590.952230307,495.5,2013-01-29 16:13:23,33.476520963,-84.3375463878,973,sprint
231,150.2,1142906.81153364,326457.831325301,953,2013-01-29 16:36:48,40.3092187114,-74.6676681346,996,verizon
232,416.8,1432674.69879518,219425.486446969,450.5,2013-01-29 16:59:38,31.3229171658,-89.3604031272,1019,att
186,210.5,991412.276462059,322304.97274079,1510,2013-01-29 17:09:07,28.9428501129,-97.2421646118,1029,att
138,263.4,1398249.48875256,123655.447803765,3043,2013-01-29 17:32:10,52.4480752,-1.8879851,1052,orange
295,199.3,2021914.24346969,483737.168361022,451.5,2013-01-29 17:46:19,53.9307589829,-1.3740068023,1066,virgin-mobile-uk
551,164.7,6395111.45752144,2057924.05063291,458.5,2013-01-29 18:10:19,52.917535,-1.46025,1090,orange
395,628.9,3206302.46189918,1636671.1409396,488,2013-01-29 18:17:02,52.91588,-1.461105,1097,orange
122,459.3,1238479.69811321,111055.501793135,2699,2013-01-29 19:19:28,55.87326,-3.0747,1159,o2
678,93.1,5077306.93069307,3224647.9338843,517.5,2013-01-29 19:53:56,45.564518,-93.1929648,1193,verizon
588,115.8,5532655.42818611,2478922.49047014,540.5,2013-01-29 19:54:33,45.564518,-93.1929648,1194,verizon
621,185.6,5558894.30894309,3101608.90302067,522.5,2013-01-29 19:54:47,45.564518,-93.1929648,1194,verizon
667,92.3,5283276.23953638,3101608.90302067,542.5,2013-01-29 19:57:52,45.564518,-93.1929648,1197,verizon
427,337.4,5717719.86062718,1352920.94313454,504,2013-01-29 19:58:22,45.564518,-93.1929648,1198,verizon
409,122.5,5296919.30277598,750928.406466513,521.5,2013-01-29 19:58:46,45.564518,-93.1929648,1198,verizon
375,122.2,3176511.03368176,1449414.56166419,1581.5,2013-01-29 20:01:26,51.5172602833,-0.2859193167,1201,virgin-mobile-uk
260,210.5,855660.444259047,836583.190394511,898,2013-01-29 20:16:23,53.7719096617,-1.7454598595,1216,virgin-mobile-uk
296,201.7,3339409.03540904,848960.835509138,1270.5,2013-01-29 20:24:30,45.5042141,-122.5573495,1224,t-mobile
285,178.7,4413624.52931684,455182.454503033,1230,2013-01-29 20:25:15,45.5132672,-122.5648695,1225,t-mobile
222,203.7,174335.54309026,322411.502231036,582.5,2013-01-29 20:29:15,39.7550046,-105.0214393,1229,cricket
233,450,129374.456007569,840548.039638087,727,2013-01-29 20:34:11,52.6774801,-1.1566752,1234,virgin-mobile-uk
230,186.5,1255536.03672533,616012.630249447,1396,2013-01-29 20:47:35,35.1130596,-78.8838281,1247,verizon
226,195.4,1064745.3932001,450141.209044762,939.5,2013-01-29 21:08:42,39.7849077138,-74.3502941846,1268,sprint
932,81.3,7791954.41595442,5002338.46153846,474.5,2013-01-29 21:18:50,33.5657,-84.41306,1278,verizon
124,516.9,176872.275755028,86041.8100026462,1320,2013-01-29 21:28:11,37.51803576,-77.2250478,1288,t-mobile
391,113.1,3035489.45615982,805496.284062758,431,2013-01-29 21:31:06,43.3682049083,-79.7540424943,1291,rogers
278,147.4,4795399.18176505,452857.938718663,2321.5,2013-01-29 21:34:33,39.6916507,-84.1056803,1294,t-mobile
187,248.7,165258.675904852,361681.868743048,955.5,2013-01-29 21:34:35,33.5660107993,-81.7200851109,1294,verizon
464,111.7,3894128.14428097,1728000,735.5,2013-01-29 22:40:20,30.4630914,-87.2946218,1360,verizon
207,174,717025.954732151,509110.647181628,1542,2013-01-29 22:46:02,29.0859603882,-97.2922286987,1366,att
160,382.8,313236.924486524,276489.795918367,1114.5,2013-01-29 23:18:33,33.5191078,-84.3619025,1398,sprint
275,229,1481033.93501805,464281.770585436,464.5,2013-01-30 01:48:12,51.7731988336,-0.2331528003,108,virgin-mobile-uk
736,63.9,1.0018227106227107E7,1413704.34782609,194,2013-01-30 01:55:31,39.4544343103,-76.6260779844,115,sprint
229,165.8,845520.197856554,655328.182734296,1518,2013-01-30 01:58:53,33.691218,-117.3322497,118,t-mobile
488,109,3579811.51832461,1874074.92795389,590,2013-01-30 01:59:32,43.7498937526,-79.6179470334,119,bell
498,104.2,3559621.69197397,1950912,603,2013-01-30 02:00:30,43.7501226279,-79.6180249012,120,bell
468,181.3,6113955.29061103,1654717.55725191,696,2013-01-30 02:36:54,34.1028397,-118.0735831,156,t-mobile
617,163.5,4390009.63081862,2417486.98884758,217.5,2013-01-30 02:48:25,41.5731632502,-81.3315193719,168,verizon
314,402.8,1599089.45624635,1304085.56149733,688,2013-01-30 02:58:22,39.9432903,-75.1923252,178,verizon
434,135.2,3180204.65116279,586564.040889958,197,2013-01-30 02:58:28,43.8075187058,-79.4602847379,178,rogers
395,126,4565903.17195326,976432.432432432,690,2013-01-30 03:00:30,39.9253832,-86.1952312,180,verizon
324,120.4,3509378.95637297,799881.918819188,1345.5,2013-01-30 03:22:08,40.2915384,-76.6061258,202,verizon
200,178.4,1080164.29699842,110683.762623397,898,2013-01-30 03:53:38,43.666975,-79.4363508,233,wind
507,142.8,3295151.80722892,2308771.59763314,569.5,2013-01-30 03:54:34,38.7247782,-120.622288,234,verizon
452,151.4,2971723.28866353,1883119.69111969,571.5,2013-01-30 03:55:34,38.7247782,-120.622288,235,verizon
183,413.4,1363397.80658026,268942.928039702,999.5,2013-01-30 03:57:37,43.666975,-79.4363508,237,wind
232,136.6,1140999.58281185,244260.924001502,885,2013-01-30 04:05:53,43.666975,-79.4363508,245,wind
322,426.5,2237504.22688846,1198348.89434889,619.5,2013-01-30 04:11:30,33.4751545,-112.1448961,251,t-mobile
563,163.5,7479423.88331814,2214429.05788876,643.5,2013-01-30 04:14:14,34.0161401,-118.1629524,254,metropcs
157,252.4,435621.343243961,191209.644222288,1410.5,2013-01-30 04:22:46,33.226234436,-92.6655578613,262,att
470,108.4,5980268.22157434,1320861.20514557,695,2013-01-30 04:23:42,40.6199067,-74.0843435,263,verizon
156,453,142957.93985434,104154.182905344,755.5,2013-01-30 04:56:29,36.8850033,-119.7425191,296,t-mobile
121,1010.6,309842.075450323,133477.832512315,1325,2013-01-30 05:20:08,45.8752633,-93.2927613,320,sprint
278,285.8,2873880.21015762,633001.9467878,738,2013-01-30 05:52:58,51.00125,-97.01173,352,mts
314,125.3,2477333.33333333,678814.196242171,831.5,2013-01-30 06:00:08,43.6601811,-79.4293897,360,wind
245,255.5,346097.270848273,548779.746835443,535,2013-01-30 06:40:05,51.1244165,-3.0115724,400,vodafone
365,120.3,2670005.85746827,695760.342368046,438,2013-01-30 06:51:29,45.42363545,-75.677013,411,rogers
245,476.3,592541.922438073,469533.57400722,409,2013-01-30 06:54:53,40.426822138,-104.7161587089,414,verizon
258,254.9,1533631.40186916,496921.039225675,579.5,2013-01-30 07:12:44,33.4766932,-111.9459894,432,sprint
348,198.8,1118142.27309894,1412680.66618393,607.5,2013-01-30 08:41:07,54.9812655,-1.559056,521,three
410,177.9,5753806.4516129,922853.358561968,511.5,2013-01-30 08:54:47,52.58276,-2.1355,534,orange
287,202.4,2029917.86244433,1093560.53811659,1438,2013-01-30 08:57:06,52.5867996216,-2.1334476471,537,orange
532,192.1,5666386.74033149,2148581.49779736,483.5,2013-01-30 09:01:58,52.57352,-2.14991,541,orange
505,197.9,5984630.19693654,1781654.79452055,455.5,2013-01-30 09:07:56,52.58641,-2.127395,547,orange
396,173.7,6792158.94039735,1125742.64281593,1404,2013-01-30 09:24:55,40.6740057,-73.7114952,564,sprint
217,276.7,2070905.60323069,172250.750485608,737,2013-01-30 09:35:49,37.6190258,-120.9863559,575,sprint
204,275.1,1314892.30769231,136983.008004494,679,2013-01-30 09:42:12,37.6190258,-120.9863559,582,sprint
449,189.5,6390130.8411215,1788186.98441797,1415.5,2013-01-30 10:28:26,52.5822601318,-2.1365003586,628,orange
336,171.7,3700914.74966171,479575.221238938,454.5,2013-01-30 10:34:27,51.5218699394,-0.4683686953,634,t-mobile-uk
282,167.4,2154655.46218487,684050.490883591,900.5,2013-01-30 10:39:46,29.7590097,-95.7423183,639,cricket
506,154.1,7073213.79310345,2122863.98258977,1426,2013-01-30 10:45:16,52.5822601318,-2.1365003586,645,orange
302,290.7,2102749.35930292,1144901.4084507,893,2013-01-30 10:52:35,52.5954874803,-0.285563722,652,virgin-mobile-uk
149,284.9,975383.737517832,264566.314076485,2428,2013-01-30 11:43:29,52.60207,-1.11871,703,orange
305,224.5,2481829.40108893,1190306.28431971,1335.5,2013-01-30 11:54:21,53.7810397844,-1.5512899217,714,virgin-mobile-uk
226,221.4,2319086.48954211,469420.596727623,1441,2013-01-30 12:04:15,41.986183,-72.705276,724,att
476,190.2,6730867.9245283,1988697.24770642,1399,2013-01-30 12:16:09,52.5827598572,-2.1354999542,736,orange
321,238.8,3303111.11111111,1241828.13494589,1407.5,2013-01-30 12:17:33,52.5827598572,-2.1354999542,737,orange
312,179.5,2684858.63874346,1140217.41671537,1448.5,2013-01-30 12:17:59,52.5827598572,-2.1354999542,737,orange
296,193.2,1624095.01187648,1240249.20534011,1449,2013-01-30 12:18:23,52.5827598572,-2.1354999542,738,orange
456,157.2,5209478.0952381,1998885.24590164,1429,2013-01-30 12:19:18,52.58685112,-2.1335582733,739,orange
471,146.6,5860662.85714286,1978612.57606491,1439.5,2013-01-30 12:19:37,52.58685112,-2.1335582733,739,orange
346,359.8,3202548.00936768,1123797.23502304,547.5,2013-01-30 13:47:48,54.2762749894,-1.4011243839,827,orange
808,90.7,4975699.21164342,3847952.66272189,244,2013-01-30 14:07:34,34.0450343913,-84.5845864224,847,verizon
126,600,659772.274043101,236130.718954248,2145,2013-01-30 14:18:37,-28.55417,29.76953,858,vodafone
331,114.1,1288867.1065033,920675.790467201,712.5,2013-01-30 14:53:06,51.4118391,-3.2534614,893,virgin-mobile-uk
467,153.3,2706110.81794195,1171718.91891892,207.5,2013-01-30 15:07:59,52.3655269388,-0.6913195864,907,three
270,209,1847540.6439991,238177.511903308,431,2013-01-30 15:08:05,53.74999973,-105.2581561078,908,sasktel
399,137.3,3832287.71602055,1174540.63816978,635.5,2013-01-30 15:27:45,26.0425453,-80.4311702,927,t-mobile
379,177,3625686.25718073,919807.637906648,445,2013-01-30 15:44:48,51.3891445837,1.4125499555,944,t-mobile-uk
440,163.1,4942727.71084337,1916416.50294695,1420.5,2013-01-30 15:45:58,52.586812973,-2.1334371567,945,orange
165,916.6,1175996.56012613,116514.094601051,795,2013-01-30 16:01:04,-25.73416,28.2187,961,vodafone
133,677.2,645549.016522423,300556.462794639,1965.5,2013-01-30 16:08:44,-25.72953,28.2608,968,vodafone
170,720.5,1266974.67572576,547547.572270558,1925.5,2013-01-30 16:40:50,-26.13038,28.20166,1000,vodafone
238,387.8,2651026.8174475,304212.069234368,672.5,2013-01-30 16:51:17,51.5533097,-0.3352854,1011,orange
194,226.4,1910789.00791803,333204.440649018,1771.5,2013-01-30 16:53:25,25.7434938,-80.24054,1013,sprint
592,150.6,2947172.4137931,2316997.62470309,201,2013-01-30 16:57:57,43.7642461007,-79.3996911506,1017,telus
255,286.9,584646.430098333,508050,448.5,2013-01-30 16:59:21,39.3552877809,-76.6961752204,1019,sprint
161,922.9,81245.7594391468,28067.8492813673,528.5,2013-01-30 17:03:04,39.1295504664,-94.6173856874,1023,sprint
123,707.6,1007110.34736713,178084.162482885,2211.5,2013-01-30 17:25:53,-34.2312,19.19846,1045,vodafone
211,540.7,2026909.09090909,347880.171184023,817.5,2013-01-30 17:49:04,28.84916,-96.96802,1069,att
258,215.5,855392.82735613,675056.055363322,689.5,2013-01-30 17:53:03,39.6306237,-106.0739435,1073,sprint
310,264.9,3100879.8185941,1119926.52123995,1154.5,2013-01-30 17:54:23,53.7867204588,-2.9800063492,1074,orange
179,921.9,66962.6050763078,234682.064236738,538,2013-01-30 17:59:04,38.9074844,-77.0519269,1079,sprint
248,363.4,1217167.77926124,956798.430603237,1117,2013-01-30 18:16:44,53.8016546338,-2.99306932,1096,orange
153,960.4,200115.314260628,196962.342251388,779.5,2013-01-30 18:36:21,-27.77928,30.78494,1116,vodafone
124,733.8,829031.827826614,188968.616815188,2049.5,2013-01-30 18:40:57,-28.7395,24.75648,1120,vodafone
601,93.7,2566446.04316547,3126461.53846154,659.5,2013-01-30 18:42:16,40.72013,-73.9514738,1122,verizon
153,294.9,1304647.47972651,203008.532778356,2081.5,2013-01-30 19:06:41,43.60648,-79.70041,1146,bell
162,898.6,1168793.16239316,77074.5891276865,775,2013-01-30 19:08:47,-29.83405,30.89495,1148,virgin-mobile-uk
159,241.7,414914.184576486,183167.026570275,1304.5,2013-01-30 19:36:19,52.6570547019,-1.0713678137,1176,three
227,137.6,527919.701454124,377060.688055663,1014,2013-01-30 20:05:06,39.969593,-74.2395347,1205,verizon
185,159.5,1550732.94273294,425963.318777293,4789,2013-01-30 20:06:32,39.969593,-74.2395347,1206,verizon
230,121.5,649586.572717916,361681.868743048,1143.5,2013-01-30 20:08:14,39.969593,-74.2395347,1208,verizon
185,145.6,888652.442326438,365202.545862973,2963,2013-01-30 20:08:39,39.969593,-74.2395347,1208,verizon
183,175.2,730886.157135222,510442.700156986,3103.5,2013-01-30 20:09:15,39.969593,-74.2395347,1209,verizon
197,176.8,1599713.00448431,474443.579766537,2979.5,2013-01-30 20:09:47,39.969593,-74.2395347,1209,verizon
424,226.6,3918303.72492837,1770337.56805808,716,2013-01-30 20:37:29,56.3650098,-119.1129198,1237,telus
323,177.4,2726795.61316052,915061.91369606,768,2013-01-30 20:44:00,51.6482853,-3.9358301,1244,three
313,181,1463597.57402783,856414.398595259,540.5,2013-01-30 20:44:59,51.6488212,-3.9358449,1244,three
342,185.4,2154089.78734576,1130308.22711472,636,2013-01-30 20:46:04,51.6482853,-3.9358301,1246,three
237,169.3,435090.041361756,564010.407632264,876,2013-01-30 20:46:28,51.6492064,-3.9352104,1246,virgin-mobile-uk
274,189.2,954949.720670391,1237888.3248731,1817,2013-01-30 21:01:07,41.1052513123,-85.1190032959,1261,t-mobile
307,231.5,1737595.9339263,926799.049881235,602,2013-01-30 21:01:23,56.0991255,-3.3495662,1261,three
315,252.5,2722272.06370272,854164.623467601,604,2013-01-30 21:09:44,51.4843889,-2.4335999,1269,orange
168,357.6,222458.259902936,322145.310435931,1031.5,2013-01-30 21:25:56,35.1031013159,-106.5978183412,1285,verizon
315,312.6,1465165.71428571,980850.678733032,456.5,2013-01-30 21:34:57,43.3490663208,-80.3309856915,1294,telus
515,86.5,7452250.68119891,1112264.5381984,574,2013-01-30 22:16:57,25.5713582,-80.3609278,1336,sprint
474,63.2,2531603.82597964,1702366.4921466,1222.5,2013-01-30 22:28:46,32.8421297,-85.19292,1348,verizon
208,209,636238.213399504,577022.182786158,1397,2013-01-30 22:29:30,32.8421297,-85.19292,1349,verizon
373,256.6,1537367.06014615,1411658.46599132,423.5,2013-01-30 23:17:26,51.5231920872,-0.0338269304,1397,vodafone
201,331.1,1112683.4825061,284016.887465424,757,2013-01-30 23:20:10,46.2433018,-119.9294702,1400,clearwire
182,448.3,2170041.7878868,405932.584269663,1945,2013-01-30 23:26:49,9.10367,7.49411,1406,virgin-mobile-uk
403,181.2,3617693.12169312,1518219.45525292,722.5,2013-01-30 23:59:44,51.4472532,-2.5578293,1439,t-mobile-uk
214,271,1867302.6854802,280343.727547061,880.5,2013-01-31 00:05:11,50.1283438154,-97.3239018483,5,mts
281,198.1,1754689.47818648,743204.571428571,749,2013-01-31 00:43:18,39.9455694,-104.9563408,43,t-mobile
272,239.7,3541186.01640052,747762.361057877,1592,2013-01-31 01:08:50,21.3230956,-157.8686405,68,t-mobile
686,85.6,3969486.21190131,2556896.46133683,202.5,2013-01-31 01:22:33,43.983674843,-78.1727269571,82,bell
436,143.3,3283284.51380552,1748129.03225806,709.5,2013-01-31 01:27:26,42.4665358,-96.3437864,87,verizon
542,111.5,4468915.03267974,2387897.18482252,722,2013-01-31 02:10:19,42.16384,-71.04866,130,verizon
528,111.6,4190463.73850868,2379160.97560976,830.5,2013-01-31 02:11:17,42.1619244063,-71.0514067433,131,verizon
220,509.2,1406398.35447377,495029.687896473,745,2013-01-31 02:12:13,42.16384,-71.04866,132,verizon
199,396.7,1293540.59593252,342866.783831283,861,2013-01-31 02:18:23,47.62924478,-122.32830484,138,verizon
141,268.2,773684.86562942,245366.872091561,2686.5,2013-01-31 02:23:26,33.2463657,-111.6216127,143,cricket
459,193.8,1179377.3178094,1503013.86748844,204.5,2013-01-31 02:45:10,44.7466363153,-85.4836105463,165,verizon
285,216.3,3492945.08301405,858298.284205895,1602.5,2013-01-31 02:53:55,38.9113993,-104.7150189,173,t-mobile
115,919.3,144707.724867725,213167.832167832,1753.5,2013-01-31 02:56:25,37.2522389,-77.4099327,176,sprint
117,632,119391.295490593,61671.3662515016,1297.5,2013-01-31 03:19:16,35.6243443842,-97.5411523118,199,t-mobile
713,82.7,6136819.74569933,3352082.4742268,621,2013-01-31 03:28:55,33.8689023,-81.1556987,208,verizon
408,190,2823443.90915348,1473498.48942598,483,2013-01-31 03:52:50,47.6969324,-117.4208226,232,verizon
273,150.6,2199712.60053619,801854.500616523,1612.5,2013-01-31 03:53:20,31.9752487,-102.1257669,233,t-mobile
396,194.3,2573691.3425345,1440850.81240768,491.5,2013-01-31 03:53:46,47.6969324,-117.4208226,233,verizon
457,212.2,2932426.0185847,1705342.65734266,344,2013-01-31 03:54:14,47.6969324,-117.4208226,234,verizon
426,176.7,3038862.22222222,1509993.80804954,450,2013-01-31 03:54:29,47.6969324,-117.4208226,234,verizon
431,183.6,2604739.04761905,1647729.72972973,433,2013-01-31 03:54:42,47.6969324,-117.4208226,234,verizon
394,203.9,2657896.98736637,1406569.57462149,486.5,2013-01-31 03:55:03,47.6969324,-117.4208226,235,verizon
396,153.6,2008550.30599755,1247386.18925831,405.5,2013-01-31 03:57:41,47.6970142,-117.4207672,237,verizon
311,185.7,1554552.48200076,644929.58677686,425,2013-01-31 03:58:16,47.6970142,-117.4207672,238,verizon
346,191.7,1176671.1601893,1127043.32755633,451.5,2013-01-31 03:58:39,47.6970142,-117.4207672,238,verizon
330,248.3,1318484.3323156,1204266.66666667,534.5,2013-01-31 03:59:00,47.6970142,-117.4207672,239,verizon
234,334.6,2238114.56628478,408482.412060302,801,2013-01-31 03:59:27,45.40528,-75.69541,239,wind
356,210.9,2013479.26380368,1119926.52123995,450,2013-01-31 03:59:27,47.6970142,-117.4207672,239,verizon
409,170.9,2286769.23076923,1226988.67924528,339.5,2013-01-31 04:00:06,47.6970142,-117.4207672,240,verizon
428,174.6,2365896.19377163,1564484.36246993,394,2013-01-31 04:00:23,47.6970142,-117.4207672,240,verizon
411,204.3,2475091.40271493,1512334.88372093,431,2013-01-31 04:00:42,47.6970142,-117.4207672,240,verizon
415,168.3,4016117.4743025,1186686.13138686,450,2013-01-31 04:00:56,47.6970142,-117.4207672,240,verizon
376,198.4,4141811.20646138,808165.70008285,421,2013-01-31 04:01:20,47.6970142,-117.4207672,241,verizon
366,170.7,2598140.59531349,901947.295423024,407,2013-01-31 04:01:36,47.6970142,-117.4207672,241,verizon
313,165.9,2796498.97750511,469194.805194805,492.5,2013-01-31 04:01:54,47.6970142,-117.4207672,241,verizon
372,167.6,3226475.81596539,804831.683168317,400.5,2013-01-31 04:11:09,47.6970142,-117.4207672,251,verizon
467,182.6,3861142.58823529,1570782.60869565,349.5,2013-01-31 04:11:26,47.6970142,-117.4207672,251,verizon
118,657.4,213186.998207187,137601.354210749,1525,2013-01-31 04:22:08,30.4290308,-87.2270616,262,sprint
644,71.8,6109402.82948623,2835627.90697674,1130,2013-01-31 05:03:05,45.5177967,-73.5644187,303,bell
658,70,5877455.58739255,2860574.78005865,900,2013-01-31 05:04:00,45.5182481,-73.5652626,304,bell
127,582.4,1370686.26795857,97829.3049844549,2104,2013-01-31 05:22:29,-29.68195,31.09267,322,vodafone
214,198.4,1346173.58490566,292709.977494374,959,2013-01-31 05:33:57,41.5390601708,-81.2347878703,333,verizon
262,158.8,879319.258386025,673424.922333448,851,2013-01-31 05:37:07,29.3832501,-94.8965357,337,t-mobile
287,215,3832287.71602055,962937.808489635,2462.5,2013-01-31 06:51:59,51.39511,-0.07008,411,virgin-mobile-uk
269,152.8,1790296.31245909,693041.563055062,1129,2013-01-31 06:55:27,43.9023907,-75.3851339,415,verizon
159,326.1,191574.120339023,248587.155963303,1126.5,2013-01-31 07:17:43,39.7414266,-121.8366879,437,sprint
311,288.4,1867302.6854802,1332590.16393443,983,2013-01-31 07:35:39,51.3757057056,0.5296384051,455,virgin-mobile-uk
307,178.4,2262180.31430935,1006143.37287261,1011.5,2013-01-31 07:37:05,51.3757057056,0.5296384051,457,three
155,513.1,616541.027953111,183218.632607062,992,2013-01-31 07:40:28,39.7546127,-121.8616675,460,sprint
165,293.4,734287.45301593,257410.21242908,1357.5,2013-01-31 07:42:06,39.746268,-121.8452265,462,sprint
305,351.9,2221751.42160845,712271.631982475,423,2013-01-31 08:27:57,52.30291,-2.5983902,507,three
305,213.8,1797749.34268186,826307.49682338,575,2013-01-31 09:04:53,51.5211262,-0.0626439,544,three
332,278.6,3463456.31067961,1097250.84364454,818,2013-01-31 09:13:20,53.4061295,-2.3144717,553,t-mobile-uk
282,223.7,1917935.48387097,1042153.84615385,1220.5,2013-01-31 09:13:56,54.9593083131,-1.5618507618,553,three
394,110,3262396.81908549,1040486.4,617,2013-01-31 10:41:08,35.9760057,-83.9874284,641,verizon
291,152.9,1267757.72558714,552353.340883352,523.5,2013-01-31 11:23:06,36.1862750208,-86.7277722237,683,verizon
141,259.5,1212132.95907815,203156.513589503,3312,2013-01-31 11:30:21,54.526448,-1.5624809,690,three
153,271.9,1950767.47503566,183253.05278978,3210,2013-01-31 11:33:29,54.5265387,-1.5618789,693,three
108,334.8,513385.558753598,145862.579439252,3963,2013-01-31 11:35:20,54.526448,-1.5624809,695,three
350,177.1,4022023.52941177,1055688.31168831,948,2013-01-31 11:53:17,49.2439733,-124.7984298,713,telus
181,228.9,915422.068503849,241718.746128113,1222,2013-01-31 12:35:17,34.9043908,-82.9750804,755,alltel
303,273.5,1796568.42566236,742073.79231647,454,2013-01-31 12:37:11,50.9572171094,-114.027405046,757,rogers
259,313.7,1697337.19486967,552353.340883352,583,2013-01-31 13:11:25,38.6447067,-121.3770969,791,att
156,720.7,1052993.83983573,45231.1972549383,829,2013-01-31 13:32:37,51.51747,-0.08288,812,o2
252,640.2,3183906.86845169,626295.987158909,931.5,2013-01-31 13:35:29,35.82135,-78.79735,815,att
331,153.1,4368971.24600639,359615.115207373,542.5,2013-01-31 13:39:58,28.6681335,-81.2056174,819,verizon
299,198.9,1491533.90292674,633824.561403509,455.5,2013-01-31 13:50:26,55.8420978698,-4.1591462387,830,virgin-mobile-uk
270,199,2097910.50882127,778496.408619314,1105,2013-01-31 13:53:26,53.4507422,-2.9869075,833,three
381,147.4,3153315.91083782,1090504.19228619,562,2013-01-31 14:16:16,51.5618977,0.2102129,856,three
241,194.9,1454258.77348458,796941.176470588,1697.5,2013-01-31 14:16:33,51.5619269,0.2105357,856,three
863,126.6,1.2338237593984962E7,4306649.00662252,993,2013-01-31 14:31:10,43.5076849,-79.8564033,871,telus
188,769.5,195648.901924315,165359.55246652,465.5,2013-01-31 14:57:00,47.0792664076,-122.593093766,897,sprint
217,374.5,2344265.14285714,744338.801983976,2362,2013-01-31 15:21:21,53.78749,-1.57115,921,orange
137,366.9,1543730.5738476,187822.470395687,3127.5,2013-01-31 15:28:09,51.2913398743,-0.7638349533,928,orange
379,99.5,2931378.3494105,760589.473684211,546,2013-01-31 15:28:25,43.7238888239,-79.3450052532,928,rogers
120,529.3,902036.939313984,169056.499133449,2520,2013-01-31 15:31:19,53.75588,-1.57147,931,orange
186,501.5,2214555.46558704,531873.500545256,2345,2013-01-31 15:32:57,53.78749,-1.57115,932,orange
264,253.5,1950303.77941526,601761.875385565,696.5,2013-01-31 15:56:20,36.5427495,-82.5537633,956,t-mobile
379,110.9,3103225.41603631,931222.911694511,618.5,2013-01-31 16:33:27,44.5068922,-80.3177001,993,rogers
397,111.3,3077617.40435109,952128.843338214,493.5,2013-01-31 16:41:07,44.5068118,-80.3179701,1001,rogers
138,508.5,126241.314582885,105551.696153222,1027,2013-01-31 16:50:21,27.9997082,-82.3618511,1010,sprint
346,124.8,3732906.27843494,721224.399260629,787,2013-01-31 17:01:28,38.2101028,-85.6413218,1021,t-mobile
378,239.8,3694249.43719045,1411658.46599132,755.5,2013-01-31 17:02:21,38.2101028,-85.6413218,1022,t-mobile
318,172.6,3073006.74157303,850812.036633232,862,2013-01-31 17:21:58,53.741035,-113.226355,1041,telus
344,152.6,5419371.20211361,672728.275862069,1042.5,2013-01-31 17:22:46,44.4014654,-79.700775,1042,telus
494,135.8,5153849.24623116,1872276.3915547,656,2013-01-31 18:05:22,45.1193785,-93.5067712,1085,sprint
440,138.4,3712637.1040724,1697921.67101828,718,2013-01-31 18:06:17,45.1611652,-93.5150953,1086,sprint
472,129.4,4420758.62068965,1789827.52293578,683,2013-01-31 18:06:36,45.1256944,-93.513606,1086,sprint
462,123.4,3570464.75195822,1840483.01886792,704,2013-01-31 18:07:37,45.1256944,-93.513606,1087,sprint
340,138.4,3584503.27653997,643016.479894529,637,2013-01-31 18:08:10,45.1256944,-93.513606,1088,sprint
418,123.2,1550146.98658606,1667446.15384615,576.5,2013-01-31 18:28:56,38.8072871,-77.0522427,1108,verizon
139,576.1,1334568.6402082,228497.54040759,2146,2013-01-31 18:30:54,53.57498,-2.46578,1110,orange
185,316.6,1192403.42973405,66121.4031520081,748,2013-01-31 18:31:58,43.8344049,-79.2829452,1111,wind
363,224.9,3653129.11843277,1536151.18110236,1301,2013-01-31 19:14:15,53.5175782,-2.1865986,1154,vodafone
175,457,430682.273896383,369560.901685925,970.5,2013-01-31 19:14:41,39.9868602,-105.2352361,1154,sprint
184,389.7,406808.86508999,395883.116883117,926.5,2013-01-31 19:15:46,39.9868602,-105.2352361,1155,sprint
220,229.7,1100446.35193133,641958.53899309,1374,2013-01-31 19:30:12,35.1243633,-80.8277436,1170,verizon
339,397.3,318724.624169677,650304,188,2013-01-31 19:37:27,40.5332980995,-81.4768415567,1177,verizon
237,449,608313.167259787,533619.256017505,497,2013-01-31 19:52:21,53.4299661419,-2.9483593582,1192,orange
421,130,6959226.46310433,797919.018404908,712.5,2013-01-31 19:55:19,46.094339,-64.7875447,1195,telus
461,179.4,4295773.82198953,818335.570469799,197,2013-01-31 19:56:35,37.764762179,-121.9752743283,1196,verizon
351,181.5,794820.110433014,401918.417799753,192.5,2013-01-31 20:01:33,37.764762179,-121.9752743283,1201,verizon
240,504.6,2745041.15088658,407373.564418459,727.5,2013-01-31 20:06:52,37.254273,-121.799234,1206,att
325,176.2,4787005.83430572,755581.719597211,1195.5,2013-01-31 20:15:00,28.0046626,-80.6814098,1215,metropcs
202,621.6,1662936.35995136,338054.409980939,779,2013-01-31 20:16:32,41.40359,2.15829,1216,vodafone
264,373.4,270388.136431043,772026.90937871,461,2013-01-31 20:18:39,51.5029716563,-0.221447415,1218,t-mobile-uk
178,798.3,637374.970869261,251050.315274739,693.5,2013-01-31 20:44:03,-29.83405,30.89494,1244,virgin-mobile-uk
129,360.4,871103.938847011,303549.40096468,3795.5,2013-01-31 21:00:54,53.6419445,-2.6220186,1260,t-mobile-uk
262,359.3,161263.54684644,1084442.4680378,735,2013-01-31 21:08:25,43.69304,-79.56899,1268,telus
586,87.1,9441804.37284235,1524150,657,2013-01-31 21:18:55,38.5202355,-91.0144196,1278,verizon
414,684,5566436.90637721,1638045.34005038,724,2013-01-31 21:31:05,42.6523718,-77.0637768,1291,verizon
325,115.9,786063.230503928,1060278.26086957,814.5,2013-01-31 21:57:27,50.7332249,-1.8578848,1317,virgin-mobile-uk
206,175.5,1400875.5335496,378377.036462374,1627.5,2013-01-31 22:24:32,40.0515102,-76.3108883,1344,verizon
82,1034.7,140116.260801257,59249.6127797856,2767,2013-01-31 22:32:10,-25.66294,28.13592,1352,vodafone
205,479.4,644332.338621015,339466.156255438,589.5,2013-01-31 22:59:30,43.4003228,-84.6167253,1379,sprint
199,188.8,881208.033508753,276921.504613201,1102,2013-01-31 23:10:04,41.522989003,-81.5189114214,1390,verizon
257,214.7,2107069.33744222,901947.295423024,1829,2013-01-31 23:48:10,43.60966,-79.65857,1428,rogers
437,122.5,3899680.60836502,1475727.68532526,668.5,2013-02-01 00:18:10,52.7933703,-2.1001017,18,virgin-mobile-uk
444,107,2923023.86889918,1699400.69686411,733,2013-02-01 00:25:23,53.5811788,-2.1112081,25,virgin-mobile-uk
125,302.9,71679.4185223689,118610.894941634,1800.5,2013-02-01 00:38:16,37.0963731,-89.5382544,38,verizon
539,144.7,1501633.96778917,2172507.79510022,223.5,2013-02-01 00:40:05,55.9800328464,-3.2163931825,40,virgin-mobile-uk
288,176.8,1897970.85357391,972053.811659193,1213,2013-02-01 00:41:14,40.8504443,-73.16470121,41,t-mobile
308,138.8,1871989.04859685,926799.049881235,996.5,2013-02-01 00:41:53,40.8504443,-73.16470121,41,t-mobile
317,122.9,1818065.14513627,963413.333333333,1033,2013-02-01 00:42:27,40.8504443,-73.16470121,42,t-mobile
568,152,2689258.60373648,2148581.49779736,204,2013-02-01 00:42:32,36.12692281,-97.0518611258,42,verizon
304,101.6,1002679.70182085,835150.684931507,1064.5,2013-02-01 00:43:07,40.8504443,-73.16470121,43,t-mobile
308,123.4,1705806.23700624,895324.460761817,1044.5,2013-02-01 00:43:45,40.8504443,-73.16470121,43,t-mobile
114,662,890968.400477794,121756.974349373,2333,2013-02-01 01:23:38,53.90124,-122.75433,83,telus
128,460.8,1276634.19947098,191378.457916421,3025.5,2013-02-01 01:45:35,53.6022182698,-113.4461244136,105,rogers
118,965,805985.068762279,160002.624456655,1909,2013-02-01 02:13:05,53.6002912,-113.504332,133,telus
215,257.8,377272.760713629,411411.218894981,689,2013-02-01 02:33:24,40.1273136,-104.9410918,153,verizon
320,180.6,3404534.43983402,756754.072924748,756.5,2013-02-01 02:40:55,42.6393031,-114.4373035,160,verizon
169,326.1,365654.797450867,539820.697288323,1862,2013-02-01 03:03:51,32.8484364,-105.9798728,183,verizon
156,1153.2,875846.285226302,176202.312138728,901,2013-02-01 03:07:09,-15.44366,28.33595,187,vodafone
255,337.2,2581789.80490875,832300.341296928,1361.5,2013-02-01 03:09:44,29.9641241783,31.3121150515,189,vodafone
383,179.7,3561166.66666667,1352920.94313454,759,2013-02-01 03:13:09,33.9301644,-118.0051822,193,verizon
409,119.4,4179790.1171676,909092.264678472,492,2013-02-01 03:18:43,41.4338882,-81.3268627,198,t-mobile
401,140.5,1718669.45957269,1460263.47305389,494.5,2013-02-01 03:20:48,41.4305777,-81.3357216,200,t-mobile
409,104,2989044.80874317,971086.112493778,455,2013-02-01 03:21:06,41.4305777,-81.3357216,201,t-mobile
278,242.4,839464.702271332,643865.346534653,455.5,2013-02-01 03:40:17,39.7248716,-104.7149743,220,sprint
288,213.2,741587.852494577,541619.100499722,374,2013-02-01 03:40:55,39.7248716,-104.7149743,220,sprint
264,182.5,2437590.01782531,582188.003581021,1071.5,2013-02-01 04:45:35,41.7372484,-87.5641972,285,sprint
225,145.9,1433676.04403285,370051.593323217,1368.5,2013-02-01 04:47:06,41.7372484,-87.5641972,287,sprint
353,305.3,1939240.84140865,493402.124430956,206,2013-02-01 05:03:44,44.8863387555,-93.0830160269,303,sprint
303,157.1,2436866.05286605,656872.727272727,720,2013-02-01 05:07:44,42.3501598,-71.0430928,307,verizon
249,248.3,834767.32119239,354517.899327639,452.5,2013-02-01 05:52:21,34.0092262812,-117.7096301784,352,verizon
350,117,1692086.61579707,1425063.55003652,1434.5,2013-02-01 06:17:18,38.88863,-77.42466,377,t-mobile
247,442.2,2650170.54263566,442383.673469388,692,2013-02-01 06:24:39,34.09502,-118.10923,384,t-mobile
301,194.7,1543149.89655821,625894.128970164,455,2013-02-01 06:51:06,42.2742338386,-83.147789212,411,verizon
477,138.1,3111463.0261661,1954821.64328657,508.5,2013-02-01 08:32:28,51.4886259,-0.2729073,512,virgin-mobile-uk
629,133.6,8458688.65979382,2209413.36353341,413.5,2013-02-01 08:33:26,47.178119,-122.5871188,513,t-mobile
647,125.9,9496444.44444444,2030085.32778356,362,2013-02-01 08:34:34,47.178119,-122.5871188,514,t-mobile
554,764.9,7391827.02702703,2214429.05788876,373.5,2013-02-01 08:38:19,47.178119,-122.5871188,518,t-mobile
576,160.8,7844099.42638623,1943139.44223108,417,2013-02-01 08:39:04,47.178119,-122.5871188,519,t-mobile
666,122.5,9136890.86859688,2279102.80373832,372,2013-02-01 08:41:17,47.178119,-122.5871188,521,t-mobile
643,146.8,9779413.58760429,2021670.46632124,353.5,2013-02-01 08:42:08,47.178119,-122.5871188,522,t-mobile
511,133.8,3616098.72190392,1912658.82352941,371,2013-02-01 08:42:58,47.178119,-122.5871188,522,t-mobile
634,143,9709973.96449704,1927778.65612648,356,2013-02-01 08:43:26,47.178119,-122.5871188,523,t-mobile
369,204,417213.871656666,750062.283737024,197,2013-02-01 09:08:12,49.2801228883,-123.0154265365,548,telus
288,163.8,1166964.58540748,788884.755357865,708.5,2013-02-01 09:21:59,51.5232944,-0.0974909,561,three
286,187.4,2085645.1448907,563847.398843931,613.5,2013-02-01 09:22:25,51.5232944,-0.0974909,562,three
221,220.9,1677213.40964841,278145.423438837,854,2013-02-01 09:34:46,50.6111440372,-2.4698195852,574,vodafone
437,210.6,4432700.16207455,661101.999322264,201.5,2013-02-01 09:53:26,52.2895408472,-1.5431880505,593,orange
390,157.7,1827378.17371938,592262.295081967,208,2013-02-01 13:49:26,54.9779633058,-1.6009328847,829,three
195,530.5,1071559.0962518,804831.683168317,1998,2013-02-01 14:26:25,-29.81359,30.87766,866,vodafone
223,361,954505.351326198,36897.3786738283,374,2013-02-01 14:47:19,30.6418494,-96.3652101,887,sprint
285,305.5,4112745.86466165,579077.471059662,892.5,2013-02-01 15:03:57,38.8807,-77.02792,903,t-mobile
191,509.3,1549561.47308782,420093.023255814,1158,2013-02-01 15:36:11,53.79357,-1.55102,936,orange
303,186.2,2232633.46938776,624092.130518234,548.5,2013-02-01 15:51:34,51.6440483343,-0.1892254268,951,three
161,410.7,111998.907984002,101731.86629817,715,2013-02-01 15:53:18,26.6407538,-81.8631051,953,metropcs
241,150.4,2369312.15708923,435860.589812332,1585.5,2013-02-01 16:01:49,32.7817719,-117.1593123,961,t-mobile
267,198.1,2624737.04414587,797266.857376379,1553.5,2013-02-01 16:21:45,41.6618276,-91.5346915,981,verizon
292,135.9,3852078.87323944,237250.638453119,814.5,2013-02-01 17:23:27,39.7053612,-86.1046068,1043,sprint
203,211.2,1964311.22815418,269091.310344828,1364,2013-02-01 17:26:01,52.1026651,-106.6600868,1046,sasktel
265,123.9,1762984.09969918,475368.421052632,1099,2013-02-01 17:31:40,40.7640947,-73.8285935,1051,t-mobile
220,267.8,1691040.39571311,505810.733730879,1154,2013-02-01 17:32:33,40.7642991,-73.8252955,1052,t-mobile
316,95.3,1211774.92246345,1015571.05674128,1527,2013-02-01 17:32:54,40.7642991,-73.8252955,1052,t-mobile
338,172.3,1076056.13114754,1757578.37837838,1644.5,2013-02-01 17:46:52,53.4129902444,-2.8284552514,1066,virgin-mobile-uk
143,225.3,1312578.46744521,109879.583215996,2927.5,2013-02-01 17:52:52,44.0523681641,-79.4306793213,1072,wind
180,272.2,2549697.94903667,250052.806972571,2491.5,2013-02-01 18:41:11,53.97601,-122.77958,1121,telus
460,70.1,6558695.44364508,509642.63322884,613,2013-02-01 18:47:43,43.0838217,-88.7708332,1127,verizon
152,332.4,1644933.44025662,157598.513611762,2060,2013-02-01 19:03:55,43.95874,-78.29497,1143,bell
148,312.1,1124733.10486635,211458.053327553,2088,2013-02-01 19:07:32,43.95515,-78.30048,1147,bell
464,247.9,3532039.6039604,1151659.97638725,196,2013-02-01 19:12:46,49.2190084379,-122.6590159444,1152,telus
170,826.2,656604.353393086,25944.3587424863,549.5,2013-02-01 19:13:51,51.5160611074,-0.1515296998,1153,three
484,226.3,2475838.26191913,1475727.68532526,189.5,2013-02-01 19:28:36,55.9316429124,-3.2805708703,1168,three
1028,55.3,7660997.19887955,4537004.65116279,192.5,2013-02-01 19:39:46,43.3574698157,-79.7722940048,1179,rogers
307,174.7,2371366.47398844,1156438.64848844,1458,2013-02-01 19:44:50,51.7903175354,-1.4649133682,1184,three
291,221.5,2254101.0989011,1121213.79310345,1395.5,2013-02-01 19:54:16,52.5640983582,-2.0923595428,1194,orange
414,189,4104516.25812906,1908915.85127202,1431,2013-02-01 19:55:37,52.5640983582,-2.0923595428,1195,orange
443,165.8,6420131.45539906,1660350.63829787,1406,2013-02-01 19:57:53,52.5639839172,-2.088850975,1197,orange
493,342.1,2092026.51708312,1843962.19281664,196,2013-02-01 20:09:00,49.3818368158,-123.2946163138,1209,telus
121,372,1358431.78807947,82202.5028441411,3183.5,2013-02-01 20:20:35,43.83386,-79.1012,1220,bell
381,201.9,390023.672576888,931222.911694511,210.5,2013-02-01 20:23:28,54.6894669596,-5.9618323574,1223,virgin-mobile-uk
140,301.2,980864.076509265,288938.388625592,3258,2013-02-01 20:53:17,52.4538646,-1.9096154,1253,three
805,68.3,9026323.43234323,2583989.40397351,230,2013-02-01 21:06:47,33.5537009521,-84.2653876343,1266,sprint
167,823.5,891065.1607298,111499.799965708,705,2013-02-01 21:12:36,9.93249,-69.61983,1272,mts
236,205.7,1206607.05882353,675757.533772082,1240.5,2013-02-01 21:32:41,42.3563253,-88.1028821,1292,sprint
413,196.1,3753397.98719122,1298011.9760479,450,2013-02-01 21:36:04,53.5246355413,-2.4263134506,1296,orange
214,178.7,554124.940906328,573628.932666863,1368,2013-02-01 21:38:50,51.4657931077,0.085815182,1298,virgin-mobile-uk
201,234,1058154.24297137,245490.373725934,893,2013-02-01 21:40:01,53.6012532,-1.4476537,1300,orange
300,258.9,1954019.52845916,1105332.57790368,895.5,2013-02-01 21:49:38,43.6669559,-79.4363367,1309,wind
180,257.6,2371366.47398844,53410.1349686533,1414.5,2013-02-01 21:55:21,43.471699,-80.538651,1315,wind
239,912.2,430027.672955975,1085045.60622914,925,2013-02-01 22:17:50,25.7852118,-80.2077422,1337,sprint
323,163.5,2505321.52671756,858676.056338028,703,2013-02-01 22:18:10,34.0333111,-118.4756134,1338,verizon
366,176.7,2570466.16541353,1207995.04643963,589.5,2013-02-01 22:40:55,50.0716224,8.9662428,1360,e-plus
461,140.8,3581374.07245744,1894089.32038835,663.5,2013-02-01 23:07:14,43.8226078,-96.7254842,1387,verizon
453,166.3,2833193.37016575,1990726.53061225,596,2013-02-01 23:13:09,43.8256947,-96.7152751,1393,verizon
162,291.2,798688.601187579,452123.290845886,2511,2013-02-01 23:15:12,36.1585851673,-115.159538454,1395,verizon
182,566.1,1242606.08814175,464834.882058613,1289.5,2013-02-01 23:17:43,-33.86567351,151.21759201,1397,vodafone-australia
101,674.9,411707.963269607,96805.0414330373,2412.5,2013-02-01 23:21:34,28.6853165916,77.2851109646,1401,vodafone
383,136.7,2647605.0338819,1029505.01319261,468,2013-02-01 23:32:47,50.8300557,-0.1766935,1412,virgin-mobile-uk
157,1333.7,830878.784810126,116084.255622992,761.5,2013-02-01 23:36:46,39.75696,-105.0075,1416,att
152,315.1,1942914.5157471,162765.893542466,2623.5,2013-02-01 23:43:17,51.0624587,-1.3299706,1423,three
131,491.4,1209274.57627119,122383.288375886,1957.5,2013-02-02 00:15:49,33.4530601501,-111.9871292114,15,att
510,122.9,3192578.98832685,2322514.28571429,631,2013-02-02 00:17:21,40.8455242,-81.9388744,17,verizon
551,115.1,4073946.37537239,2510826.25482625,641.5,2013-02-02 00:17:39,40.8455242,-81.9388744,17,verizon
152,423.3,428522.901760067,216527.413984462,1176.5,2013-02-02 00:23:56,-20.7996373,-51.6850221,23,claro-brazil
319,120.8,1179546.86601495,799554.098360656,638,2013-02-02 00:30:51,43.4377776,-80.4605491,30,rogers
278,318.3,1847956.75675676,711751.915359358,574,2013-02-02 00:35:12,49.8224794453,-99.9444487575,35,rogers
250,371.3,1881864.22018349,470893.555394642,583.5,2013-02-02 00:36:10,49.8190440098,-99.9536049833,36,rogers
208,513.6,1622489.2228594,295234.866828087,687.5,2013-02-02 01:00:15,49.91418,-96.87003,60,mts
384,201.2,1935124.52830189,688881.355932204,218,2013-02-02 01:15:54,51.4950728391,-3.167397797,75,virgin-mobile-uk
139,327.6,884723.743799871,301858.579606994,3073.5,2013-02-02 01:19:50,50.9107715,-1.4187646,79,t-mobile-uk
165,1039.9,286945.792823669,88348.5191558736,569,2013-02-02 01:26:51,-1.3709087,-48.4789136,86,claro-brazil
163,438.3,1186712.17818918,112717.356135891,1008,2013-02-02 01:31:23,20.1565759,72.7831822,91,airtel-india
325,161.6,2752407.91680644,1129000,1231,2013-02-02 01:43:29,38.8447751,-94.3526591,103,t-mobile
128,1351,36905.7713846195,10257.4844632323,790.5,2013-02-02 01:53:15,25.1338253,121.7652156,113,fareastone
238,322.5,1903695.59164733,284182.374362709,555,2013-02-02 02:47:05,49.3363266439,-123.0963055977,167,telus
106,1116,586317.564670573,150452.070640858,2264.5,2013-02-02 02:50:18,36.42378,-119.10538,170,att
97,466.7,313823.981640849,93046.7878094148,3021.5,2013-02-02 02:55:54,28.125260175,-81.937758,175,metropcs
151,604.4,168420.222920131,194565.872145208,891.5,2013-02-02 03:16:55,14.5354161,121.0524247,196,globe-telecom
118,1547.1,993813.953488372,200443.028870852,2162,2013-02-02 03:48:50,-23.95334,31.14533,228,vodafone
214,389.2,1062676.85532962,292183.914931856,580.5,2013-02-02 04:05:15,3.07427,101.51775,245,celcom-malaysia
364,179.6,2431810.31416716,894093.492208983,385.5,2013-02-02 04:10:46,34.2571661,-118.6011874,250,clearwire
338,194,2692788.97276009,846015.611448395,517,2013-02-02 04:12:05,34.2572027,-118.6012248,252,verizon
506,146,3565809.64797914,1980621.31979695,388.5,2013-02-02 04:14:07,34.2529101,-118.6053654,254,verizon
268,117.3,1113287.38127544,596062.328139322,1082,2013-02-02 04:31:46,38.6809009,-121.2797001,271,t-mobile
167,786.6,167724.769516957,90769.6459312334,549,2013-02-02 04:56:53,15.657925,103.58099,296,dtac
171,638.8,201263.96349989,90307.4572975975,550.5,2013-02-02 05:09:01,15.6494,103.58266,309,dtac
435,120.7,3689266.18705036,1391520.68473609,576,2013-02-02 05:16:00,37.6856481,-92.664671,316,verizon
460,120,4186187.75510204,1582248.17518248,609.5,2013-02-02 05:16:36,37.6684903,-92.6550759,316,verizon
489,117.8,5089905.70719603,1636671.1409396,582.5,2013-02-02 05:19:32,37.6856481,-92.664671,319,verizon
461,116.7,3676043.01075269,1609663.36633663,567.5,2013-02-02 05:19:50,37.6803776,-92.6643579,319,verizon
437,117.2,3782816.04426003,1492664.11629686,684,2013-02-02 05:20:40,37.6856481,-92.664671,320,verizon
197,424.7,529589.362938101,643865.346534653,1154.5,2013-02-02 06:06:33,22.5350447507,88.3535600991,366,vodafone-india
198,402.3,1564333.26978074,59157.9841106192,603.5,2013-02-02 06:09:32,21.3358778,39.9471674,369,mobily
255,335,1319332.368548,712792.108147607,678.5,2013-02-02 06:09:47,-33.488722,151.321064,369,vodafone-australia
276,542.7,1430426.77824268,200897.126969416,255,2013-02-02 06:19:30,1.3093673989,103.8468118744,379,singtel
273,387.7,1391845.29262087,797592.804578904,573,2013-02-02 06:33:09,40.9422106,29.1209887,393,turkcell
351,171.7,4082053.73134328,508712.385919166,431.5,2013-02-02 06:34:05,51.4049728867,-0.1618469227,394,t-mobile-uk
295,164.6,1434427.97202797,591185.454545455,520.5,2013-02-02 06:46:10,35.2621184,-106.6731784,406,verizon
234,343.6,1454516.57507534,881967.450271248,1432,2013-02-02 06:57:58,28.5091295242,77.2497625351,417,idea
158,315.1,775953.092491016,34790.4986090306,979,2013-02-02 07:20:00,34.2449827725,-118.5373393447,440,verizon
249,485.7,1074928.33748199,468406.242496999,432.5,2013-02-02 07:27:11,-42.864921111,147.3167273565,447,vodafone-australia
300,382.2,1956815.64512282,981837.946653246,592.5,2013-02-02 07:56:43,-34.1532841203,18.8953880726,476,vodacom-south-africa
357,395.2,5058525.27743526,845648.894668401,518.5,2013-02-02 07:57:42,-34.1532841203,18.8953880726,477,vodacom-south-africa
326,379.7,4632935.06493507,719362.831858407,609.5,2013-02-02 07:58:44,-34.1301294,18.9037038,478,vodacom-south-africa
365,370.4,5131287.05440901,887585.077343039,522,2013-02-02 07:59:18,-34.1301294,18.9037038,479,vodacom-south-africa
98,1072.8,539336.619996056,19570.3752746095,1915,2013-02-02 08:19:16,52.2315925284,21.0059382356,499,orange
189,185.3,658395.763119884,325531.787084932,1393.5,2013-02-02 08:21:31,40.3092537588,-77.155981036,501,verizon
113,495.1,684828.311493198,41986.6996664156,1991,2013-02-02 08:24:33,52.23052,21.00424,504,o2
316,456.8,981920.536141695,582883.776516283,238.5,2013-02-02 08:25:02,5.5182730591,100.4917010384,505,celcom-malaysia
160,272.4,532510.903426791,511647.521636507,3000,2013-02-02 08:30:00,33.7673179,-118.1612906,510,sprint
144,292.9,473698.2853184,333261.359754014,2407,2013-02-02 08:31:40,33.7672704,-118.1589363,511,sprint
528,101,3354426.81929681,1353859.81956974,215,2013-02-02 08:35:23,25.69244291,-80.3113736199,515,t-mobile
115,672.1,790303.217106531,311249.52137843,3893.5,2013-02-02 08:38:46,31.6474662,-96.9987462,518,sprint
148,378.8,1270112.69349845,311996.161842316,2550,2013-02-02 08:41:22,-37.9209317,145.0830964,521,vodafone-australia
345,176.6,1869429.93848257,1100345.17766497,556.5,2013-02-02 09:06:55,59.4882494,24.8328128,546,emt
472,134.5,2989044.80874317,2036442.58872651,621.5,2013-02-02 09:25:45,55.9326048,-4.0204125,565,virgin-mobile-uk
234,470.9,678485.735549492,460012.261259137,472.5,2013-02-02 09:33:33,-6.2443127,106.8038261,573,telkomsel
178,389.9,716087.27526619,484097.270471464,1384.5,2013-02-02 09:35:13,50.7334028438,-1.8526998004,575,three
267,175.5,2797452.43777702,538777.133388567,1111.5,2013-02-02 10:06:16,41.3964527,2.201986,606,vodafone-spain
325,175,1772505.50874919,730131.736526946,433,2013-02-02 10:09:52,50.819582566,4.4067489281,609,base
150,400.8,1726626.26262626,445312.029217074,5604,2013-02-02 10:31:54,45.7499027252,21.2349843979,631,vodafone-romania
296,154.5,1077610.71710008,534789.473684211,455,2013-02-02 10:41:02,48.89093,2.562897,641,free-mobile
144,952.5,144303.065477761,130513.245919187,795.5,2013-02-02 10:47:39,25.6100751,85.0731948,647,vodafone-india
242,297.8,1239227.91119166,526135.922330097,654,2013-02-02 10:50:32,36.0149606,-84.2505329,650,sprint
139,439.5,1203774.64788732,178344.638449584,2015,2013-02-02 11:00:53,53.0534763167,-2.3310412833,660,orange
431,158.1,2458773.74887624,777565.563969709,191.5,2013-02-02 11:14:59,55.8756600736,-4.364920873,674,three
211,463.2,879696.365390801,299817.427385892,560.5,2013-02-02 11:17:40,3.2941404,101.4724739,677,digi
104,4479.5,38497.8346244258,141308.996088657,1471.5,2013-02-02 11:19:39,25.6094422,85.0731224,679,vodafone-india
93,5202.4,859604.819277108,66850.9748826371,2497,2013-02-02 11:34:41,51.45911,0.04434,694,orange
429,144.5,2623897.66549408,869777.9759251,226.5,2013-02-02 11:42:28,34.0872614883,-117.2924089589,702,att
313,172.7,1937866.79263108,733977.426636569,544.5,2013-02-02 11:52:13,51.4325053,0.4998234,712,three
263,286,1820889.48069241,502682.813707807,549.5,2013-02-02 12:07:57,54.8794156301,-1.7657944363,727,three
271,191.8,2666534.93662658,277472.905703314,586.5,2013-02-02 12:27:20,53.0167926,6.5837951,747,vodafone-netherlands
279,405.3,4211975.35934292,419912.1825226,673,2013-02-02 12:38:44,40.7049272,-74.0098153,758,verizon
144,794.9,703380.02571796,57009.2048742001,900.5,2013-02-02 12:50:30,50.91748,-1.40661,770,o2
419,234.4,421977.370911335,1368100.98176718,208.5,2013-02-02 13:01:33,52.5467437031,-1.9813610189,781,virgin-mobile-uk
395,107.5,3308438.70967742,786024.174053183,449,2013-02-02 13:07:10,43.8796720564,-79.4354641384,787,rogers
216,442.5,1151568.84210526,319193.717277487,580,2013-02-02 13:49:38,16.392661961,120.5872984328,829,globe-telecom
216,277.7,484409.493446688,577022.182786158,887,2013-02-02 14:16:50,43.6325773994,3.8725715432,856,free-mobile
502,158.5,3763728.44036697,1432387.66519824,228,2013-02-02 14:38:11,51.2080243019,-1.4789997506,878,orange
255,446.7,1150438.58665171,518032.926181625,444.5,2013-02-02 14:45:58,-26.1633605,27.6894316,885,vodacom-south-africa
111,352.8,969505.84898972,194799.001497753,5410,2013-02-02 15:02:17,41.824867895,-87.68636968,902,t-mobile
551,112.7,5945600,2146217.82178218,681,2013-02-02 15:03:37,39.5633712,-76.3676591,903,verizon
149,485.4,1037810.2706805,202523.824353784,1483.5,2013-02-02 15:22:39,53.2006912231,50.2439804077,922,megafon
129,415.3,419968.674822132,244016.510318949,2069,2013-02-02 15:57:35,28.6524224,77.1624484,957,airtel-india
271,220.2,765028.251748252,527131.045663334,447.5,2013-02-02 16:02:41,52.6194817614,-2.1273777448,962,virgin-mobile-uk
345,135.7,2362490.06622517,965320.138545275,693.5,2013-02-02 16:35:59,41.5192994,-81.6486415,995,att
228,430.4,250999.663495365,494904.109589041,485,2013-02-02 16:44:43,42.5631261897,-83.1293608435,1004,sprint
158,272.2,275139.264276852,302513.878120639,1543.5,2013-02-02 16:57:03,39.1819754,-76.003407,1017,sprint
162,1579.6,774927.087268606,110853.571225638,657,2013-02-02 17:18:51,51.25169,6.76681,1038,o2
235,218.2,633340.640679274,483857.142857143,680,2013-02-02 17:23:21,43.1468361,-77.6262113,1043,verizon
263,285.4,2700766.29361422,506862.042088854,733,2013-02-02 17:26:38,52.3990876353,-1.7905423647,1046,virgin-mobile-uk
161,527.2,687122.351561846,383132.7572663,1370.5,2013-02-02 17:27:33,22.91543,72.435448,1047,airtel-india
305,140.5,2391410.08452346,417485.983308367,539,2013-02-02 18:00:39,43.413739116,-79.7077108082,1080,rogers
265,536.4,3163040.86353123,574473.498233216,697,2013-02-02 18:02:09,44.61408,24.56293,1082,orange
158,520.9,1210344.88862664,171388.210489326,1157,2013-02-02 18:13:14,24.7725233037,121.0210889529,1093,vibo
240,544,998530.850675429,578733.906852566,534.5,2013-02-02 18:27:48,51.4454896,-0.3331106,1107,three
259,248.6,4121008.5384229,338523.685580427,1056,2013-02-02 18:40:47,40.7696932,-82.5320462,1120,sprint
154,1175.8,37583.6673369642,21041.8050821865,548.5,2013-02-02 18:48:43,12.9237083,77.547106,1128,vodafone-india
332,186.4,2252863.26194399,1005106.64605873,636.5,2013-02-02 18:52:41,51.285564,-114.0098803,1132,bell
165,337.4,1537367.06014615,329880.284071694,2217.5,2013-02-02 19:02:29,52.48697,-1.86364,1142,virgin-mobile-uk
227,139.1,608042.685638061,560606.896551724,1475.5,2013-02-02 19:06:08,38.96002918,-76.92549822,1146,clearwire
350,166.5,3489973.6282433,1556992.81723863,2683,2013-02-02 19:08:43,52.4883245134,-1.8584548575,1148,virgin-mobile-uk
